type,is_pyramid,units,entry_date,entry_price,exit_date,exit_price,stop_price,pnl_points,holding_hours,exit_reason,trade_id
Long,False,1.0,2024-07-09 00:00:00,2375.36,2024-07-09 04:00:00,2357.21,2358.54,-18.45,0,Stop Loss Exit,1
Long,False,1.0,2024-07-09 08:00:00,2359.15,2024-07-09 20:00:00,2364.28,2343.61,4.83,0,Signal Exit,2
Long,False,1.0,2024-07-10 00:00:00,2367.15,2024-07-10 04:00:00,2361.86,2343.87,-5.59,0,Signal Exit,3
Long,False,1.0,2024-07-10 08:00:00,2363.88,2024-07-11 04:00:00,2373.03,2356.28,8.1,24,Signal Exit,4
Long,False,1.0,2024-07-11 12:00:00,2375.93,2024-07-12 12:00:00,2407.95,2365.82,30.97,24,Signal Exit,5
Long,True,2.0,2024-07-12 04:00:00,2413.64,2024-07-12 12:00:00,2407.95,2365.82,-11.98,0,Signal Exit,6
Long,False,1.0,2024-07-12 16:00:00,2408.05,2024-07-12 20:00:00,2404.83,2394.85,-3.52,0,Signal Exit,7
Long,False,1.0,2024-07-13 04:00:00,2417.85,2024-07-15 08:00:00,2412.67,2379.5,-6.98,48,Signal Exit,8
Long,False,1.0,2024-07-15 20:00:00,2410.7,2024-07-17 16:00:00,2465.34,2450.42,52.84,48,Signal Exit,9
Long,True,2.0,2024-07-16 00:00:00,2418.7,2024-07-17 16:00:00,2465.34,2450.42,91.18,24,Signal Exit,10
Long,False,1.0,2024-07-17 20:00:00,2475.13,2024-07-18 04:00:00,2452.48,2447.6,-23.7,24,Signal Exit,11
Long,True,2.0,2024-07-18 00:00:00,2482.89,2024-07-18 04:00:00,2452.48,2447.6,-61.42,0,Signal Exit,12
Long,False,1.0,2024-07-18 08:00:00,2458.43,2024-07-18 20:00:00,2465.62,2442.6,6.89,0,Signal Exit,13
Long,True,2.0,2024-07-18 12:00:00,2462.4,2024-07-18 20:00:00,2465.62,2442.6,5.84,0,Signal Exit,14
Long,False,1.0,2024-07-25 00:00:00,2421.74,2024-07-25 04:00:00,2409.17,2398.43,-12.87,0,Signal Exit,15
Long,False,1.0,2024-07-29 12:00:00,2392.84,2024-07-29 16:00:00,2392.68,2368.27,-0.46,0,Signal Exit,16
Long,False,1.0,2024-07-29 20:00:00,2392.76,2024-07-30 00:00:00,2392.11,2374.56,-1.7,24,Signal Exit,17
Long,False,1.0,2024-07-30 20:00:00,2389.14,2024-07-31 12:00:00,2409.03,2371.67,18.84,24,Signal Exit,18
Long,False,1.0,2024-07-31 16:00:00,2417.79,2024-08-01 04:00:00,2425.31,2403.09,6.47,24,Signal Exit,19
Long,False,1.0,2024-08-01 08:00:00,2448.83,2024-08-01 16:00:00,2446.93,2408.46,-2.2,0,Signal Exit,20
Long,False,1.0,2024-08-02 00:00:00,2453.44,2024-08-02 04:00:00,2439.34,2415.06,-14.4,0,Signal Exit,21
Long,False,1.0,2024-08-02 08:00:00,2446.49,2024-08-02 20:00:00,2463.91,2418.18,17.12,0,Signal Exit,22
Long,False,1.0,2024-08-03 00:00:00,2469.76,2024-08-03 04:00:00,2427.8,2438.38,-42.26,0,Stop Loss Exit,23
Long,False,1.0,2024-08-05 08:00:00,2443.9,2024-08-05 12:00:00,2439.43,2389.41,-4.77,0,Signal Exit,24
Long,False,1.0,2024-08-09 04:00:00,2423.48,2024-08-09 12:00:00,2427.2,2396.7,3.42,0,Signal Exit,25
Long,True,2.0,2024-08-09 08:00:00,2426.4,2024-08-09 12:00:00,2427.2,2396.7,1.0,0,Signal Exit,26
Long,False,1.0,2024-08-09 20:00:00,2423.57,2024-08-12 12:00:00,2426.04,2405.24,-0.08,72,Signal Exit,27
Long,True,2.0,2024-08-10 00:00:00,2426.65,2024-08-12 12:00:00,2426.04,2405.46,-4.82,48,Signal Exit,28
Long,False,1.0,2024-08-12 16:00:00,2434.69,2024-08-13 12:00:00,2466.31,2433.04,30.57,24,Signal Exit,29
Long,True,2.0,2024-08-13 04:00:00,2467.18,2024-08-13 12:00:00,2466.31,2433.04,-2.34,0,Signal Exit,30
Long,False,1.0,2024-08-14 00:00:00,2472.92,2024-08-14 04:00:00,2467.68,2446.8,-5.54,0,Signal Exit,31
Long,False,1.0,2024-08-14 12:00:00,2465.49,2024-08-14 16:00:00,2462.01,2450.92,-3.78,0,Signal Exit,32
Long,False,1.0,2024-08-14 20:00:00,2472.88,2024-08-15 00:00:00,2457.36,2442.76,-16.57,24,Signal Exit,33
Long,False,1.0,2024-08-15 08:00:00,2447.37,2024-08-16 00:00:00,2444.53,2438.03,-3.89,24,Signal Exit,34
Long,False,1.0,2024-08-16 04:00:00,2455.45,2024-08-16 16:00:00,2455.79,2417.58,0.04,0,Signal Exit,35
Long,False,1.0,2024-08-16 20:00:00,2463.33,2024-08-19 12:00:00,2498.17,2462.57,32.29,72,Signal Exit,36
Long,False,1.0,2024-08-19 16:00:00,2501.13,2024-08-19 20:00:00,2499.95,2480.54,-1.48,0,Signal Exit,37
Long,False,1.0,2024-08-20 04:00:00,2502.95,2024-08-20 12:00:00,2501.98,2469.72,-1.27,0,Signal Exit,38
Long,True,2.0,2024-08-20 08:00:00,2503.33,2024-08-20 12:00:00,2501.98,2480.57,-3.3,0,Signal Exit,39
Long,False,1.0,2024-08-20 20:00:00,2521.74,2024-08-21 04:00:00,2510.64,2482.96,-12.15,24,Signal Exit,40
Long,True,2.0,2024-08-21 00:00:00,2529.63,2024-08-21 04:00:00,2510.64,2482.96,-38.58,0,Signal Exit,41
Long,False,1.0,2024-08-21 08:00:00,2513.47,2024-08-21 16:00:00,2515.28,2487.53,1.51,0,Signal Exit,42
Long,True,2.0,2024-08-21 12:00:00,2516.84,2024-08-21 16:00:00,2515.28,2497.03,-3.72,0,Signal Exit,43
Long,False,1.0,2024-08-22 04:00:00,2509.6,2024-08-22 12:00:00,2507.56,2480.92,-2.34,0,Signal Exit,44
Long,True,2.0,2024-08-22 08:00:00,2511.58,2024-08-22 12:00:00,2507.56,2480.92,-8.64,0,Signal Exit,45
Long,False,1.0,2024-08-22 20:00:00,2507.29,2024-08-23 00:00:00,2487.79,2486.15,-20.55,24,Signal Exit,46
Long,False,1.0,2024-08-24 04:00:00,2510.93,2024-08-26 16:00:00,2510.54,2496.75,-2.19,48,Signal Exit,47
Long,True,2.0,2024-08-26 12:00:00,2513.36,2024-08-26 16:00:00,2510.54,2496.75,-6.24,0,Signal Exit,48
Long,False,1.0,2024-08-26 20:00:00,2524.99,2024-08-27 00:00:00,2515.97,2497.24,-10.07,24,Signal Exit,49
Long,False,1.0,2024-08-27 04:00:00,2518.21,2024-08-27 08:00:00,2518.1,2498.69,-0.41,0,Signal Exit,50
Long,False,1.0,2024-08-27 16:00:00,2513.55,2024-08-27 20:00:00,2508.86,2495.76,-4.99,0,Signal Exit,51
Long,False,1.0,2024-08-28 00:00:00,2511.81,2024-08-28 12:00:00,2517.17,2496.94,5.06,0,Signal Exit,52
Long,True,2.0,2024-08-28 04:00:00,2519.97,2024-08-28 12:00:00,2517.17,2496.94,-6.2,0,Signal Exit,53
Long,False,1.0,2024-08-28 20:00:00,2510.22,2024-08-29 00:00:00,2506.59,2492.32,-4.68,24,Signal Exit,54
Long,False,1.0,2024-08-29 12:00:00,2513.15,2024-08-30 00:00:00,2516.72,2500.74,2.52,24,Signal Exit,55
Long,False,1.0,2024-08-30 04:00:00,2525.93,2024-08-30 08:00:00,2520.86,2491.55,-5.37,0,Signal Exit,56
Long,False,1.0,2024-08-30 20:00:00,2524.21,2024-08-31 00:00:00,2515.29,2501.03,-9.97,24,Signal Exit,57
Long,False,1.0,2024-09-05 16:00:00,2501.88,2024-09-06 00:00:00,2515.25,2482.19,12.32,24,Signal Exit,58
Long,False,1.0,2024-09-06 04:00:00,2515.09,2024-09-06 12:00:00,2513.83,2491.68,-1.56,0,Signal Exit,59
Long,True,1.0,2024-09-06 08:00:00,2516.58,2024-09-06 12:00:00,2513.83,2493.35,-3.05,0,Signal Exit,60
Long,False,1.0,2024-09-06 16:00:00,2520.03,2024-09-06 20:00:00,2519.09,2503.23,-1.24,0,Signal Exit,61
Long,False,1.0,2024-09-10 00:00:00,2499.74,2024-09-10 12:00:00,2503.83,2472.9,3.79,0,Signal Exit,62
Long,False,1.0,2024-09-10 16:00:00,2503.91,2024-09-12 00:00:00,2509.58,2507.46,3.87,48,Signal Exit,63
Long,False,1.0,2024-09-12 04:00:00,2514.58,2024-09-12 08:00:00,2511.59,2490.21,-3.29,0,Signal Exit,64
Long,False,1.0,2024-09-12 12:00:00,2513.2,2024-09-12 20:00:00,2518.72,2501.32,5.22,0,Signal Exit,65
Long,False,1.0,2024-09-13 00:00:00,2544.93,2024-09-16 08:00:00,2578.64,2549.82,31.16,72,Signal Exit,66
Long,True,1.0,2024-09-13 04:00:00,2554.0,2024-09-16 08:00:00,2578.64,2549.82,22.09,72,Signal Exit,67
Long,False,1.0,2024-09-16 12:00:00,2581.68,2024-09-16 20:00:00,2585.54,2566.01,3.56,0,Signal Exit,68
Long,True,2.0,2024-09-16 16:00:00,2588.71,2024-09-16 20:00:00,2585.54,2566.01,-6.94,0,Signal Exit,69
Long,False,1.0,2024-09-17 00:00:00,2588.21,2024-09-17 04:00:00,2582.67,2562.77,-5.84,0,Signal Exit,70
Long,False,1.0,2024-09-17 12:00:00,2582.53,2024-09-17 16:00:00,2579.38,2568.74,-3.45,0,Signal Exit,71
Long,False,1.0,2024-09-18 00:00:00,2573.81,2024-09-18 04:00:00,2569.89,2557.59,-4.22,0,Signal Exit,72
Long,False,1.0,2024-09-18 12:00:00,2572.37,2024-09-18 16:00:00,2567.67,2557.12,-5.0,0,Signal Exit,73
Long,False,1.0,2024-09-18 20:00:00,2572.0,2024-09-19 00:00:00,2571.82,2555.34,-1.23,24,Signal Exit,74
Long,False,1.0,2024-09-19 16:00:00,2574.51,2024-09-20 00:00:00,2574.99,2540.04,-0.57,24,Signal Exit,75
Long,False,1.0,2024-09-20 04:00:00,2590.56,2024-09-20 08:00:00,2586.34,2553.32,-4.52,0,Signal Exit,76
Long,False,1.0,2024-09-20 12:00:00,2588.15,2024-09-23 12:00:00,2620.08,2585.49,29.38,72,Signal Exit,77
Long,True,2.0,2024-09-20 16:00:00,2594.53,2024-09-23 12:00:00,2620.08,2585.49,46.0,72,Signal Exit,78
Long,False,1.0,2024-09-23 16:00:00,2629.95,2024-09-23 20:00:00,2621.54,2602.3,-8.71,0,Signal Exit,79
Long,False,1.0,2024-09-24 00:00:00,2631.96,2024-09-24 04:00:00,2628.04,2599.86,-4.22,0,Signal Exit,80
Long,False,1.0,2024-09-24 08:00:00,2627.14,2024-09-24 16:00:00,2625.32,2613.27,-2.12,0,Signal Exit,81
Long,True,2.0,2024-09-24 12:00:00,2629.05,2024-09-24 16:00:00,2625.32,2613.27,-8.06,0,Signal Exit,82
Long,False,1.0,2024-09-24 20:00:00,2630.92,2024-09-25 16:00:00,2657.19,2622.8,25.22,24,Signal Exit,83
Long,True,2.0,2024-09-25 00:00:00,2635.59,2024-09-25 16:00:00,2657.19,2622.8,42.6,0,Signal Exit,84
Long,False,1.0,2024-09-26 00:00:00,2664.33,2024-09-26 04:00:00,2660.57,2639.87,-4.06,0,Signal Exit,85
Long,False,1.0,2024-09-26 12:00:00,2660.87,2024-09-27 00:00:00,2660.92,2645.48,-1.0,24,Signal Exit,86
Long,False,1.0,2024-09-27 04:00:00,2670.95,2024-09-27 12:00:00,2669.52,2641.77,-1.73,0,Signal Exit,87
Long,True,2.0,2024-09-27 08:00:00,2671.83,2024-09-27 12:00:00,2669.52,2647.23,-5.22,0,Signal Exit,88
Long,False,1.0,2024-09-28 00:00:00,2665.69,2024-09-28 04:00:00,2645.28,2646.77,-20.71,0,Stop Loss Exit,89
Long,False,1.0,2024-09-30 08:00:00,2658.32,2024-09-30 12:00:00,2652.64,2629.96,-5.98,0,Signal Exit,90
Long,False,1.0,2024-09-30 16:00:00,2657.84,2024-09-30 20:00:00,2649.74,2634.2,-8.4,0,Signal Exit,91
Long,False,1.0,2024-10-02 00:00:00,2667.53,2024-10-02 04:00:00,2662.5,2627.26,-5.33,0,Signal Exit,92
Long,False,1.0,2024-10-02 08:00:00,2662.0,2024-10-02 12:00:00,2660.48,2639.39,-1.82,0,Signal Exit,93
Long,False,1.0,2024-10-03 00:00:00,2659.7,2024-10-03 04:00:00,2652.21,2630.59,-7.79,0,Signal Exit,94
Long,False,1.0,2024-10-03 08:00:00,2658.41,2024-10-03 12:00:00,2658.21,2627.75,-0.5,0,Signal Exit,95
Long,False,1.0,2024-10-04 04:00:00,2656.78,2024-10-04 08:00:00,2656.96,2622.97,-0.12,0,Signal Exit,96
Long,False,1.0,2024-10-04 12:00:00,2658.44,2024-10-04 20:00:00,2657.5,2642.27,-1.24,0,Signal Exit,97
Long,False,1.0,2024-10-07 08:00:00,2650.82,2024-10-07 12:00:00,2646.22,2627.64,-4.9,0,Signal Exit,98
Long,False,1.0,2024-10-07 20:00:00,2656.53,2024-10-08 00:00:00,2642.69,2625.83,-14.89,24,Signal Exit,99
Long,False,1.0,2024-10-11 12:00:00,2637.74,2024-10-11 20:00:00,2637.81,2617.23,-0.23,0,Signal Exit,100
Long,False,1.0,2024-10-12 00:00:00,2649.79,2024-10-14 08:00:00,2652.37,2625.02,0.78,48,Signal Exit,101
Long,False,1.0,2024-10-14 16:00:00,2658.85,2024-10-14 20:00:00,2658.38,2631.06,-0.77,0,Signal Exit,102
Long,False,1.0,2024-10-15 20:00:00,2653.59,2024-10-16 00:00:00,2648.73,2626.29,-5.91,24,Signal Exit,103
Long,False,1.0,2024-10-16 04:00:00,2663.72,2024-10-16 08:00:00,2662.08,2633.09,-1.94,0,Signal Exit,104
Long,False,1.0,2024-10-16 12:00:00,2668.02,2024-10-17 00:00:00,2675.26,2653.51,6.19,24,Signal Exit,105
Long,False,1.0,2024-10-17 04:00:00,2675.26,2024-10-17 08:00:00,2674.0,2654.74,-1.56,0,Signal Exit,106
Long,False,1.0,2024-10-17 12:00:00,2682.99,2024-10-17 20:00:00,2679.46,2662.24,-3.83,0,Signal Exit,107
Long,False,1.0,2024-10-18 00:00:00,2688.8,2024-10-18 20:00:00,2711.17,2681.6,22.07,0,Signal Exit,108
Long,False,1.0,2024-10-19 00:00:00,2713.71,2024-10-21 16:00:00,2724.87,2705.59,9.36,48,Signal Exit,109
Long,True,1.0,2024-10-21 12:00:00,2726.32,2024-10-21 16:00:00,2724.87,2705.59,-1.75,0,Signal Exit,110
Long,False,1.0,2024-10-21 20:00:00,2734.46,2024-10-22 04:00:00,2722.86,2712.86,-12.65,24,Signal Exit,111
Long,True,1.0,2024-10-22 00:00:00,2739.15,2024-10-22 04:00:00,2722.86,2712.86,-16.59,0,Signal Exit,112
Long,False,1.0,2024-10-22 12:00:00,2728.08,2024-10-23 12:00:00,2738.64,2722.8,9.51,24,Signal Exit,113
Long,True,2.0,2024-10-23 04:00:00,2746.76,2024-10-23 12:00:00,2738.64,2722.8,-16.84,0,Signal Exit,114
Long,False,1.0,2024-10-23 16:00:00,2751.7,2024-10-23 20:00:00,2750.64,2726.31,-1.36,0,Signal Exit,115
Long,False,1.0,2024-10-24 12:00:00,2723.82,2024-10-25 00:00:00,2733.62,2707.48,8.75,24,Signal Exit,116
Long,False,1.0,2024-10-25 04:00:00,2735.52,2024-10-25 12:00:00,2729.99,2709.12,-5.83,0,Signal Exit,117
Long,True,1.0,2024-10-25 08:00:00,2735.48,2024-10-25 12:00:00,2729.99,2709.71,-5.79,0,Signal Exit,118
Long,False,1.0,2024-10-26 04:00:00,2744.42,2024-10-28 12:00:00,2732.43,2715.54,-13.79,48,Signal Exit,119
Long,True,1.0,2024-10-28 08:00:00,2732.1,2024-10-28 12:00:00,2732.43,2715.54,0.03,0,Signal Exit,120
Long,False,1.0,2024-10-28 16:00:00,2738.36,2024-10-28 20:00:00,2729.26,2712.96,-9.4,0,Signal Exit,121
Long,False,1.0,2024-10-29 00:00:00,2740.74,2024-10-29 08:00:00,2741.48,2715.68,0.44,0,Signal Exit,122
Long,False,1.0,2024-10-29 12:00:00,2752.03,2024-10-29 16:00:00,2749.97,2728.52,-2.36,0,Signal Exit,123
Long,False,1.0,2024-10-29 20:00:00,2752.36,2024-10-31 00:00:00,2777.55,2761.48,23.39,48,Signal Exit,124
Long,True,2.0,2024-10-30 04:00:00,2769.76,2024-10-31 00:00:00,2777.55,2761.48,13.48,24,Signal Exit,125
Long,False,1.0,2024-10-31 04:00:00,2788.63,2024-10-31 08:00:00,2786.9,2759.46,-2.03,0,Signal Exit,126
Long,False,1.0,2024-10-31 16:00:00,2785.08,2024-10-31 20:00:00,2778.14,2771.39,-7.24,0,Signal Exit,127
Short,False,1.0,2024-11-12 05:00:00,2618.96,2024-11-18 13:00:00,2590.94,2588.29,29.34,144,Stop Loss Exit,128
Short,False,1.0,2024-11-18 17:00:00,2586.02,2024-11-18 21:00:00,2594.1,2614.09,-8.38,0,Signal Exit,129
Short,False,1.0,2024-11-20 01:00:00,2623.23,2024-11-20 05:00:00,2630.28,2653.91,-7.35,0,Signal Exit,130
Short,False,1.0,2024-11-20 17:00:00,2629.39,2024-11-21 01:00:00,2643.1,2653.36,-13.74,24,Signal Exit,131
Short,False,1.0,2024-11-22 01:00:00,2664.99,2024-11-22 05:00:00,2672.48,2686.58,-7.79,0,Signal Exit,132
Long,False,1.0,2024-11-22 05:00:00,2672.48,2024-11-22 09:00:00,2669.85,2647.63,-2.93,0,Signal Exit,133
Long,False,1.0,2024-11-22 13:00:00,2686.0,2024-11-23 01:00:00,2694.61,2668.29,7.56,24,Signal Exit,134
Long,False,1.0,2024-11-23 05:00:00,2711.01,2024-11-25 13:00:00,2695.29,2681.08,-17.52,48,Signal Exit,135
Long,False,1.0,2024-11-25 21:00:00,2677.72,2024-11-26 01:00:00,2641.36,2641.01,-37.41,24,Signal Exit,136
Short,False,1.0,2024-11-26 05:00:00,2618.81,2024-11-29 13:00:00,2657.39,2662.6,-38.07,72,Signal Exit,137
Short,False,1.0,2024-11-29 21:00:00,2662.68,2024-12-03 01:00:00,2645.7,2665.96,17.76,96,Signal Exit,138
Short,False,1.0,2024-12-03 05:00:00,2637.14,2024-12-03 17:00:00,2647.04,2664.46,-10.2,0,Signal Exit,139
Short,False,1.0,2024-12-03 21:00:00,2642.74,2024-12-04 01:00:00,2646.96,2662.78,-4.25,24,Signal Exit,140
Short,False,1.0,2024-12-04 05:00:00,2645.91,2024-12-04 13:00:00,2645.9,2668.97,-0.29,0,Signal Exit,141
Short,False,1.0,2024-12-04 21:00:00,2644.33,2024-12-05 01:00:00,2649.22,2663.3,-4.92,24,Signal Exit,142
Short,False,1.0,2024-12-05 05:00:00,2648.9,2024-12-05 09:00:00,2649.02,2669.74,-0.42,0,Signal Exit,143
Short,False,1.0,2024-12-05 13:00:00,2646.5,2024-12-05 17:00:00,2646.86,2666.9,-0.66,0,Signal Exit,144
Short,False,1.0,2024-12-06 01:00:00,2640.21,2024-12-09 13:00:00,2646.07,2645.6,-5.35,72,Stop Loss Exit,145
Short,False,1.0,2024-12-09 17:00:00,2643.72,2024-12-09 21:00:00,2657.6,2663.73,-14.18,0,Signal Exit,146
Short,False,1.0,2024-12-10 05:00:00,2662.89,2024-12-10 13:00:00,2669.08,2691.06,-6.49,0,Signal Exit,147
Long,False,1.0,2024-12-11 05:00:00,2692.45,2024-12-11 17:00:00,2696.53,2677.63,3.78,0,Signal Exit,148
Long,False,1.0,2024-12-12 01:00:00,2706.2,2024-12-12 13:00:00,2706.04,2675.98,-0.46,0,Signal Exit,149
Long,False,1.0,2024-12-12 17:00:00,2718.45,2024-12-12 21:00:00,2711.5,2681.42,-7.25,0,Signal Exit,150
Long,False,1.0,2024-12-13 13:00:00,2686.68,2024-12-13 21:00:00,2666.69,2663.55,-20.29,0,Signal Exit,151
Short,False,1.0,2024-12-16 13:00:00,2652.01,2024-12-23 17:00:00,2631.71,2643.3,21.89,168,Signal Exit,152
Short,True,1.0,2024-12-16 17:00:00,2653.57,2024-12-23 17:00:00,2631.71,2643.3,23.45,168,Signal Exit,153
Short,False,1.0,2024-12-23 21:00:00,2619.37,2024-12-26 13:00:00,2627.55,2631.69,-7.67,72,Signal Exit,154
Short,True,2.0,2024-12-24 05:00:00,2610.45,2024-12-26 13:00:00,2627.55,2631.69,-33.72,48,Signal Exit,155
Short,False,1.0,2024-12-26 17:00:00,2626.0,2024-12-26 21:00:00,2628.76,2638.7,-3.06,0,Signal Exit,156
Short,False,1.0,2024-12-27 09:00:00,2632.68,2024-12-27 17:00:00,2634.59,2646.81,-2.21,0,Signal Exit,157
Short,False,1.0,2024-12-27 21:00:00,2626.63,2024-12-30 09:00:00,2619.8,2647.19,7.34,72,Signal Exit,158
Short,False,1.0,2024-12-30 17:00:00,2619.13,2025-01-01 05:00:00,2624.99,2637.01,-5.62,48,Signal Exit,159
Short,True,1.0,2024-12-31 05:00:00,2606.19,2025-01-01 05:00:00,2624.99,2633.08,-18.83,24,Signal Exit,160
Short,False,1.0,2025-01-02 04:00:00,2624.91,2025-01-02 12:00:00,2633.5,2637.57,-8.89,0,Signal Exit,161
Short,False,1.0,2025-01-03 16:00:00,2654.25,2025-01-03 20:00:00,2657.59,2675.53,-3.64,0,Signal Exit,162
Short,False,1.0,2025-01-04 00:00:00,2643.86,2025-01-06 08:00:00,2640.91,2669.2,3.19,48,Signal Exit,163
Short,False,1.0,2025-01-06 12:00:00,2640.09,2025-01-06 20:00:00,2645.53,2657.9,-5.74,0,Signal Exit,164
Short,False,1.0,2025-01-07 00:00:00,2634.37,2025-01-07 04:00:00,2634.32,2662.53,-0.25,0,Signal Exit,165
Short,False,1.0,2025-01-08 00:00:00,2647.63,2025-01-08 04:00:00,2649.41,2676.94,-2.08,0,Signal Exit,166
Short,False,1.0,2025-01-08 12:00:00,2646.74,2025-01-08 16:00:00,2652.41,2663.58,-5.97,0,Signal Exit,167
Short,False,1.0,2025-01-08 20:00:00,2650.85,2025-01-09 00:00:00,2665.73,2667.46,-14.91,24,Signal Exit,168
Long,False,1.0,2025-01-09 08:00:00,2662.61,2025-01-09 12:00:00,2659.44,2638.97,-3.47,0,Signal Exit,169
Long,False,1.0,2025-01-09 16:00:00,2662.27,2025-01-10 00:00:00,2668.35,2644.13,5.03,24,Signal Exit,170
Long,False,1.0,2025-01-10 04:00:00,2670.14,2025-01-10 08:00:00,2670.19,2651.18,-0.25,0,Signal Exit,171
Long,False,1.0,2025-01-10 12:00:00,2673.72,2025-01-11 04:00:00,2685.81,2652.09,11.04,24,Signal Exit,172
Long,False,1.0,2025-01-13 04:00:00,2688.79,2025-01-13 12:00:00,2687.88,2673.06,-1.21,0,Signal Exit,173
Long,False,1.0,2025-01-14 08:00:00,2667.92,2025-01-14 16:00:00,2669.51,2647.05,1.29,0,Signal Exit,174
Long,False,1.0,2025-01-15 00:00:00,2671.69,2025-01-16 00:00:00,2678.65,2664.17,5.91,24,Signal Exit,175
Long,False,1.0,2025-01-16 04:00:00,2694.13,2025-01-17 04:00:00,2715.22,2685.62,20.04,24,Signal Exit,176
Long,False,1.0,2025-01-17 12:00:00,2715.36,2025-01-17 16:00:00,2710.44,2699.12,-5.22,0,Signal Exit,177
Long,False,1.0,2025-01-18 00:00:00,2714.22,2025-01-18 04:00:00,2703.11,2691.44,-11.41,0,Signal Exit,178
Long,False,1.0,2025-01-20 12:00:00,2703.38,2025-01-21 00:00:00,2707.06,2678.42,2.63,24,Signal Exit,179
Long,False,1.0,2025-01-21 08:00:00,2710.33,2025-01-21 20:00:00,2724.07,2691.76,13.44,0,Signal Exit,180
Long,False,1.0,2025-01-22 00:00:00,2738.88,2025-01-22 16:00:00,2748.74,2728.33,9.56,0,Signal Exit,181
Long,True,2.0,2025-01-22 04:00:00,2742.64,2025-01-22 16:00:00,2748.74,2728.33,11.6,0,Signal Exit,182
Long,False,1.0,2025-01-22 20:00:00,2756.39,2025-01-23 04:00:00,2755.35,2733.62,-2.09,24,Signal Exit,183
Long,True,2.0,2025-01-23 00:00:00,2759.25,2025-01-23 04:00:00,2755.35,2735.17,-8.4,0,Signal Exit,184
Long,False,1.0,2025-01-23 16:00:00,2752.73,2025-01-23 20:00:00,2751.92,2738.65,-1.11,0,Signal Exit,185
Long,False,1.0,2025-01-24 04:00:00,2754.07,2025-01-25 00:00:00,2775.9,2740.68,20.78,24,Signal Exit,186
Long,True,2.0,2025-01-24 08:00:00,2754.52,2025-01-25 00:00:00,2775.9,2740.68,40.66,24,Signal Exit,187
Long,False,1.0,2025-01-27 20:00:00,2771.34,2025-01-28 00:00:00,2741.98,2734.53,-30.41,24,Signal Exit,188
Long,False,1.0,2025-01-29 04:00:00,2764.8,2025-01-29 08:00:00,2762.7,2728.56,-2.4,0,Signal Exit,189
Long,False,1.0,2025-01-29 20:00:00,2759.01,2025-01-30 00:00:00,2754.17,2745.34,-5.89,24,Signal Exit,190
Long,False,1.0,2025-01-30 08:00:00,2760.28,2025-01-31 04:00:00,2793.47,2758.32,32.14,24,Signal Exit,191
Long,False,1.0,2025-01-31 08:00:00,2796.3,2025-02-01 04:00:00,2796.19,2780.19,-1.16,24,Signal Exit,192
Long,True,2.0,2025-01-31 12:00:00,2796.33,2025-02-01 04:00:00,2796.19,2780.19,-2.38,24,Signal Exit,193
Long,False,1.0,2025-02-03 04:00:00,2802.07,2025-02-03 08:00:00,2793.17,2783.12,-9.2,0,Signal Exit,194
Long,False,1.0,2025-02-03 16:00:00,2789.27,2025-02-04 08:00:00,2813.93,2770.79,23.61,24,Signal Exit,195
Long,True,2.0,2025-02-04 04:00:00,2818.26,2025-02-04 08:00:00,2813.93,2784.82,-9.26,0,Signal Exit,196
Long,False,1.0,2025-02-04 12:00:00,2821.38,2025-02-04 16:00:00,2812.64,2795.95,-9.04,0,Signal Exit,197
Long,False,1.0,2025-02-04 20:00:00,2815.32,2025-02-05 08:00:00,2841.48,2792.15,25.11,24,Signal Exit,198
Long,True,2.0,2025-02-05 00:00:00,2835.81,2025-02-05 08:00:00,2841.48,2792.15,10.74,0,Signal Exit,199
Long,False,1.0,2025-02-05 12:00:00,2852.34,2025-02-06 04:00:00,2863.62,2843.07,10.23,24,Signal Exit,200
Long,True,2.0,2025-02-05 16:00:00,2864.05,2025-02-06 04:00:00,2863.62,2843.07,-2.96,24,Signal Exit,201
Long,False,1.0,2025-02-06 08:00:00,2869.41,2025-02-06 12:00:00,2869.36,2845.59,-0.35,0,Signal Exit,202
Long,False,1.0,2025-02-06 20:00:00,2865.87,2025-02-07 00:00:00,2850.64,2833.56,-16.28,24,Signal Exit,203
Long,False,1.0,2025-02-07 04:00:00,2853.9,2025-02-07 16:00:00,2864.11,2839.12,9.91,0,Signal Exit,204
Long,False,1.0,2025-02-07 20:00:00,2867.65,2025-02-08 04:00:00,2860.18,2836.04,-8.52,24,Signal Exit,205
Long,False,1.0,2025-02-10 04:00:00,2855.81,2025-02-11 04:00:00,2904.27,2876.21,47.41,24,Signal Exit,206
Long,False,1.0,2025-02-11 08:00:00,2917.88,2025-02-11 16:00:00,2913.21,2881.23,-4.97,0,Signal Exit,207
Long,True,2.0,2025-02-11 12:00:00,2919.28,2025-02-11 16:00:00,2913.21,2885.35,-12.74,0,Signal Exit,208
Long,False,1.0,2025-02-12 00:00:00,2904.77,2025-02-12 04:00:00,2900.19,2861.68,-4.88,0,Signal Exit,209
Long,False,1.0,2025-02-12 16:00:00,2892.89,2025-02-12 20:00:00,2879.74,2866.39,-13.45,0,Signal Exit,210
Long,False,1.0,2025-02-13 00:00:00,2894.73,2025-02-13 16:00:00,2914.59,2877.26,19.56,0,Signal Exit,211
Long,True,2.0,2025-02-13 04:00:00,2897.84,2025-02-13 16:00:00,2914.59,2877.26,32.9,0,Signal Exit,212
Long,False,1.0,2025-02-13 20:00:00,2917.96,2025-02-14 12:00:00,2924.5,2898.87,5.49,24,Signal Exit,213
Long,True,2.0,2025-02-14 00:00:00,2920.24,2025-02-14 12:00:00,2924.5,2898.87,7.92,0,Signal Exit,214
Long,False,1.0,2025-02-14 16:00:00,2931.87,2025-02-14 20:00:00,2931.04,2908.65,-1.13,0,Signal Exit,215
Long,False,1.0,2025-02-18 12:00:00,2909.05,2025-02-19 08:00:00,2933.94,2898.96,23.84,24,Signal Exit,216
Long,True,2.0,2025-02-18 16:00:00,2911.53,2025-02-19 08:00:00,2933.94,2898.96,42.72,24,Signal Exit,217
Long,False,1.0,2025-02-19 16:00:00,2934.21,2025-02-20 00:00:00,2925.7,2912.23,-9.56,24,Signal Exit,218
Long,True,2.0,2025-02-19 20:00:00,2935.03,2025-02-20 00:00:00,2925.7,2915.58,-20.76,24,Signal Exit,219
Long,False,1.0,2025-02-20 04:00:00,2931.64,2025-02-20 20:00:00,2948.89,2921.81,16.95,0,Signal Exit,220
Long,False,1.0,2025-02-21 08:00:00,2941.59,2025-02-21 12:00:00,2931.2,2921.3,-10.69,0,Signal Exit,221
Long,False,1.0,2025-02-22 00:00:00,2928.6,2025-02-25 00:00:00,2936.47,2920.37,5.32,72,Signal Exit,222
Long,True,2.0,2025-02-22 04:00:00,2933.28,2025-02-25 00:00:00,2936.47,2920.37,1.28,72,Signal Exit,223
Long,False,1.0,2025-02-25 04:00:00,2949.14,2025-02-25 12:00:00,2939.56,2922.2,-9.88,0,Signal Exit,224
Long,True,2.0,2025-02-25 08:00:00,2950.06,2025-02-25 12:00:00,2939.56,2922.2,-21.6,0,Signal Exit,225
Long,False,1.0,2025-02-25 20:00:00,2938.77,2025-02-26 00:00:00,2905.87,2915.32,-33.95,24,Stop Loss Exit,226
Long,False,1.0,2025-03-04 08:00:00,2890.87,2025-03-04 12:00:00,2888.61,2862.58,-2.56,0,Signal Exit,227
Long,False,1.0,2025-03-04 16:00:00,2899.79,2025-03-05 00:00:00,2906.04,2867.46,5.2,24,Signal Exit,228
Long,False,1.0,2025-03-05 04:00:00,2916.03,2025-03-05 08:00:00,2914.5,2883.78,-1.83,0,Signal Exit,229
Long,False,1.0,2025-03-05 16:00:00,2918.1,2025-03-05 20:00:00,2913.32,2886.08,-5.08,0,Signal Exit,230
Long,False,1.0,2025-03-06 00:00:00,2917.12,2025-03-06 08:00:00,2918.11,2877.03,0.69,0,Signal Exit,231
Long,True,1.0,2025-03-06 04:00:00,2920.57,2025-03-06 08:00:00,2918.11,2876.88,-2.76,0,Signal Exit,232
Long,False,1.0,2025-03-06 12:00:00,2921.27,2025-03-06 16:00:00,2910.06,2899.6,-11.51,0,Signal Exit,233
Long,False,1.0,2025-03-07 00:00:00,2914.56,2025-03-07 04:00:00,2913.88,2874.05,-0.98,0,Signal Exit,234
Long,False,1.0,2025-03-07 16:00:00,2917.04,2025-03-08 00:00:00,2915.81,2890.44,-2.28,24,Signal Exit,235
Long,False,1.0,2025-03-10 04:00:00,2911.56,2025-03-10 12:00:00,2911.02,2891.56,-0.84,0,Signal Exit,236
Long,True,1.0,2025-03-10 08:00:00,2916.32,2025-03-10 12:00:00,2911.02,2891.56,-5.6,0,Signal Exit,237
Long,False,1.0,2025-03-11 20:00:00,2913.51,2025-03-12 08:00:00,2915.49,2885.5,0.93,24,Signal Exit,238
Long,True,1.0,2025-03-12 04:00:00,2918.46,2025-03-12 08:00:00,2915.49,2893.11,-3.27,0,Signal Exit,239
Long,False,1.0,2025-03-12 20:00:00,2915.29,2025-03-13 16:00:00,2935.31,2918.58,18.97,24,Signal Exit,240
Long,True,1.0,2025-03-13 00:00:00,2928.67,2025-03-13 16:00:00,2935.31,2918.58,6.34,0,Signal Exit,241
Long,False,1.0,2025-03-13 20:00:00,2946.15,2025-03-14 16:00:00,2986.9,2967.61,39.7,24,Signal Exit,242
Long,True,2.0,2025-03-14 00:00:00,2978.05,2025-03-14 16:00:00,2986.9,2967.61,17.1,0,Signal Exit,243
Long,False,1.0,2025-03-14 20:00:00,2993.46,2025-03-15 00:00:00,2984.64,2965.84,-9.87,24,Signal Exit,244
Long,False,1.0,2025-03-17 04:00:00,2984.59,2025-03-17 12:00:00,2986.95,2967.8,2.06,0,Signal Exit,245
Long,True,2.0,2025-03-17 08:00:00,2990.05,2025-03-17 12:00:00,2986.95,2967.8,-6.8,0,Signal Exit,246
Long,False,1.0,2025-03-17 20:00:00,2997.53,2025-03-18 00:00:00,2997.18,2968.27,-1.4,24,Signal Exit,247
Long,False,1.0,2025-03-18 04:00:00,3000.08,2025-03-18 08:00:00,2999.61,2972.79,-0.77,0,Signal Exit,248
Long,False,1.0,2025-03-18 12:00:00,3011.37,2025-03-19 08:00:00,3031.59,3004.74,19.17,24,Signal Exit,249
Long,True,2.0,2025-03-18 16:00:00,3016.52,2025-03-19 08:00:00,3031.59,3004.74,28.04,24,Signal Exit,250
Long,False,1.0,2025-03-19 12:00:00,3036.22,2025-03-19 16:00:00,3035.99,3016.51,-0.53,0,Signal Exit,251
Long,False,1.0,2025-03-19 20:00:00,3038.97,2025-03-20 00:00:00,3031.47,3010.91,-8.55,24,Signal Exit,252
Long,False,1.0,2025-03-20 04:00:00,3047.93,2025-03-20 12:00:00,3049.91,3013.31,1.68,0,Signal Exit,253
Long,True,2.0,2025-03-20 08:00:00,3050.16,2025-03-20 12:00:00,3049.91,3017.52,-1.1,0,Signal Exit,254
Long,False,1.0,2025-03-21 00:00:00,3040.63,2025-03-21 12:00:00,3030.45,3021.48,-10.48,0,Signal Exit,255
Long,False,1.0,2025-03-21 16:00:00,3032.09,2025-03-22 00:00:00,3010.97,3008.1,-22.17,24,Signal Exit,256
Long,False,1.0,2025-03-26 16:00:00,3030.36,2025-03-26 20:00:00,3027.55,3000.4,-3.11,0,Signal Exit,257
Long,False,1.0,2025-03-27 12:00:00,3033.44,2025-03-28 00:00:00,3052.21,3013.96,17.72,24,Signal Exit,258
Long,False,1.0,2025-03-28 04:00:00,3057.41,2025-03-28 08:00:00,3055.55,3019.86,-2.16,0,Signal Exit,259
Long,False,1.0,2025-03-28 12:00:00,3075.13,2025-03-28 20:00:00,3076.32,3041.03,0.89,0,Signal Exit,260
Long,False,1.0,2025-03-29 00:00:00,3083.78,2025-03-29 04:00:00,3080.71,3051.44,-3.37,0,Signal Exit,261
Long,False,1.0,2025-03-31 04:00:00,3087.9,2025-03-31 20:00:00,3119.56,3059.96,31.36,0,Signal Exit,262
Long,True,1.0,2025-03-31 08:00:00,3089.22,2025-03-31 20:00:00,3119.56,3059.96,30.04,0,Signal Exit,263
Long,False,1.0,2025-04-01 04:00:00,3124.33,2025-04-01 08:00:00,3120.51,3083.35,-4.12,0,Signal Exit,264
Long,False,1.0,2025-04-01 12:00:00,3145.83,2025-04-01 16:00:00,3127.58,3102.08,-18.55,0,Signal Exit,265
Long,False,1.0,2025-04-01 20:00:00,3130.43,2025-04-02 00:00:00,3113.7,3106.07,-17.78,24,Signal Exit,266
Long,False,1.0,2025-04-02 04:00:00,3118.65,2025-04-02 08:00:00,3115.15,3082.36,-3.8,0,Signal Exit,267
Long,False,1.0,2025-04-02 12:00:00,3125.69,2025-04-02 16:00:00,3125.06,3088.02,-0.93,0,Signal Exit,268
Long,False,1.0,2025-04-03 00:00:00,3125.82,2025-04-03 04:00:00,3124.2,3091.49,-1.92,0,Signal Exit,269
Long,False,1.0,2025-04-03 08:00:00,3162.32,2025-04-03 12:00:00,3147.94,3083.94,-14.68,0,Signal Exit,270
Long,False,1.0,2025-04-09 20:00:00,3066.51,2025-04-10 08:00:00,3086.98,3008.85,19.42,24,Signal Exit,271
Long,False,1.0,2025-04-10 12:00:00,3125.34,2025-04-10 16:00:00,3108.67,3038.59,-16.97,0,Signal Exit,272
Long,False,1.0,2025-04-10 20:00:00,3124.46,2025-04-11 16:00:00,3212.31,3131.84,86.8,24,Signal Exit,273
Long,True,2.0,2025-04-11 04:00:00,3170.85,2025-04-11 16:00:00,3212.31,3131.84,82.32,0,Signal Exit,274
Long,False,1.0,2025-04-11 20:00:00,3213.77,2025-04-12 04:00:00,3230.95,3173.42,16.13,24,Signal Exit,275
Long,True,2.0,2025-04-12 00:00:00,3240.53,2025-04-12 04:00:00,3230.95,3173.42,-19.76,0,Signal Exit,276
Long,False,1.0,2025-04-14 04:00:00,3219.1,2025-04-14 08:00:00,3223.69,3187.85,4.29,0,Signal Exit,277
Long,False,1.0,2025-04-14 12:00:00,3232.41,2025-04-14 16:00:00,3227.84,3179.15,-4.87,0,Signal Exit,278
Long,False,1.0,2025-04-15 04:00:00,3212.64,2025-04-15 08:00:00,3212.56,3167.69,-0.38,0,Signal Exit,279
Long,False,1.0,2025-04-15 12:00:00,3228.37,2025-04-15 16:00:00,3225.59,3182.78,-3.08,0,Signal Exit,280
Long,False,1.0,2025-04-16 00:00:00,3221.3,2025-04-17 12:00:00,3344.56,3300.35,122.21,24,Signal Exit,281
Long,True,2.0,2025-04-16 04:00:00,3229.77,2025-04-17 12:00:00,3344.56,3300.35,227.48,24,Signal Exit,282
Long,False,1.0,2025-04-17 20:00:00,3327.29,2025-04-18 00:00:00,3296.45,3288.34,-31.89,24,Signal Exit,283
Long,False,1.0,2025-04-18 04:00:00,3320.68,2025-04-22 16:00:00,3468.63,3379.31,144.65,96,Signal Exit,284
Long,True,2.0,2025-04-21 04:00:00,3331.29,2025-04-22 16:00:00,3468.63,3379.31,272.58,24,Signal Exit,285
Long,False,1.0,2025-04-29 04:00:00,3352.15,2025-04-29 08:00:00,3337.62,3254.92,-14.83,0,Signal Exit,286
Long,False,1.0,2025-04-29 16:00:00,3323.09,2025-04-29 20:00:00,3309.33,3275.18,-14.06,0,Signal Exit,287
Long,False,1.0,2025-04-30 04:00:00,3319.98,2025-04-30 08:00:00,3317.17,3272.36,-3.11,0,Signal Exit,288
Long,False,1.0,2025-05-05 20:00:00,3312.9,2025-05-06 00:00:00,3311.96,3229.28,-1.99,24,Signal Exit,289
Long,False,1.0,2025-05-06 04:00:00,3328.71,2025-05-07 08:00:00,3400.67,3346.68,70.91,24,Signal Exit,290
Long,True,1.0,2025-05-07 04:00:00,3423.0,2025-05-07 08:00:00,3400.67,3346.68,-22.63,0,Signal Exit,291
Long,False,1.0,2025-05-07 16:00:00,3388.0,2025-05-07 20:00:00,3387.02,3327.78,-1.28,0,Signal Exit,292
Long,False,1.0,2025-05-08 08:00:00,3376.6,2025-05-08 16:00:00,3343.19,3332.44,-33.71,0,Signal Exit,293
Long,False,1.0,2025-05-08 20:00:00,3344.28,2025-05-09 00:00:00,3330.14,3287.47,-15.19,24,Signal Exit,294
Long,False,1.0,2025-05-10 00:00:00,3344.98,2025-05-10 04:00:00,3328.78,3287.84,-16.5,0,Signal Exit,295
Long,False,1.0,2025-05-19 08:00:00,3234.85,2025-05-19 12:00:00,3212.03,3161.05,-23.12,0,Signal Exit,296
Long,False,1.0,2025-05-19 16:00:00,3232.29,2025-05-20 00:00:00,3231.76,3175.44,-1.58,24,Signal Exit,297
Long,False,1.0,2025-05-20 04:00:00,3233.11,2025-05-20 08:00:00,3222.55,3189.18,-10.86,0,Signal Exit,298
Long,False,1.0,2025-05-20 16:00:00,3222.83,2025-05-21 08:00:00,3290.72,3207.46,66.84,24,Signal Exit,299
Long,False,1.0,2025-05-21 12:00:00,3307.58,2025-05-22 16:00:00,3327.81,3290.02,19.18,24,Signal Exit,300
Long,False,1.0,2025-05-23 08:00:00,3300.22,2025-05-24 04:00:00,3360.75,3298.5,59.48,24,Signal Exit,301
Long,False,1.0,2025-05-26 12:00:00,3347.69,2025-05-26 16:00:00,3337.49,3308.46,-10.5,0,Signal Exit,302
Long,False,1.0,2025-05-27 00:00:00,3337.91,2025-05-27 12:00:00,3341.22,3320.05,3.01,0,Signal Exit,303
Long,False,1.0,2025-05-30 00:00:00,3321.58,2025-05-30 04:00:00,3316.6,3252.35,-5.28,0,Signal Exit,304
Long,False,1.0,2025-06-02 08:00:00,3310.1,2025-06-02 12:00:00,3308.81,3266.89,-1.59,0,Signal Exit,305
Long,False,1.0,2025-06-02 16:00:00,3352.6,2025-06-03 12:00:00,3361.04,3348.97,7.39,24,Signal Exit,306
Long,True,2.0,2025-06-03 04:00:00,3381.72,2025-06-03 12:00:00,3361.04,3348.97,-41.96,0,Signal Exit,307
Long,False,1.0,2025-06-04 04:00:00,3352.55,2025-06-04 12:00:00,3359.2,3325.17,6.35,0,Signal Exit,308
Long,False,1.0,2025-06-05 00:00:00,3371.68,2025-06-05 12:00:00,3369.72,3323.18,-2.26,0,Signal Exit,309
Long,True,1.0,2025-06-05 04:00:00,3373.52,2025-06-05 12:00:00,3369.72,3324.26,-4.1,0,Signal Exit,310
Long,False,1.0,2025-06-05 16:00:00,3371.31,2025-06-06 00:00:00,3344.27,3342.06,-28.09,24,Signal Exit,311
Long,True,1.0,2025-06-05 20:00:00,3392.7,2025-06-06 00:00:00,3344.27,3342.06,-49.48,24,Signal Exit,312
Long,False,1.0,2025-06-06 04:00:00,3356.61,2025-06-06 16:00:00,3359.72,3329.89,2.81,0,Signal Exit,313
Long,False,1.0,2025-06-11 16:00:00,3345.66,2025-06-11 20:00:00,3333.14,3306.42,-12.82,0,Signal Exit,314
Long,False,1.0,2025-06-12 04:00:00,3346.89,2025-06-12 16:00:00,3346.51,3325.72,-0.68,0,Signal Exit,315
Long,False,1.0,2025-06-12 20:00:00,3379.07,2025-06-13 16:00:00,3414.95,3354.2,34.83,24,Signal Exit,316
Long,True,2.0,2025-06-13 04:00:00,3388.12,2025-06-13 16:00:00,3414.95,3354.2,53.06,0,Signal Exit,317
Long,False,1.0,2025-06-13 20:00:00,3422.33,2025-06-16 12:00:00,3431.72,3405.19,6.84,72,Signal Exit,318
Long,True,2.0,2025-06-14 00:00:00,3426.46,2025-06-16 12:00:00,3431.72,3405.19,6.92,48,Signal Exit,319
Long,False,1.0,2025-06-16 20:00:00,3415.05,2025-06-17 00:00:00,3404.6,3386.63,-11.5,24,Signal Exit,320
Long,False,1.0,2025-06-17 08:00:00,3402.75,2025-06-17 12:00:00,3387.7,3360.47,-15.35,0,Signal Exit,321
Long,False,1.0,2025-06-17 16:00:00,3387.59,2025-06-18 00:00:00,3379.39,3352.97,-9.25,24,Signal Exit,322
Long,False,1.0,2025-06-23 20:00:00,3380.68,2025-06-24 04:00:00,3376.32,3337.44,-5.41,24,Signal Exit,323
Short,False,1.0,2025-06-30 08:00:00,3263.86,2025-07-01 04:00:00,3308.65,3299.54,-44.82,24,Stop Loss Exit,324
Short,False,1.0,2025-07-02 00:00:00,3340.19,2025-07-02 08:00:00,3338.09,3376.85,1.8,0,Signal Exit,325
Long,False,1.0,2025-07-02 08:00:00,3338.09,2025-07-02 16:00:00,3334.72,3319.83,-3.67,0,Signal Exit,326
Long,True,1.0,2025-07-02 12:00:00,3340.01,2025-07-02 16:00:00,3334.72,3310.65,-5.59,0,Signal Exit,327
Long,False,1.0,2025-07-02 20:00:00,3342.19,2025-07-03 00:00:00,3340.97,3311.83,-2.27,24,Signal Exit,328
Long,False,1.0,2025-07-03 04:00:00,3358.38,2025-07-03 08:00:00,3349.49,3318.62,-9.19,0,Signal Exit,329
Long,False,1.0,2025-07-03 16:00:00,3353.16,2025-07-03 20:00:00,3346.06,3326.76,-7.4,0,Signal Exit,330
Long,False,1.0,2025-07-04 04:00:00,3328.77,2025-07-04 20:00:00,3334.64,3309.87,5.57,0,Signal Exit,331
Long,False,1.0,2025-07-07 04:00:00,3337.36,2025-07-07 08:00:00,3328.94,3316.55,-8.72,0,Signal Exit,332
Long,False,1.0,2025-07-08 04:00:00,3337.23,2025-07-08 08:00:00,3334.75,3284.82,-2.78,0,Signal Exit,333
Short,False,1.0,2025-07-09 04:00:00,3303.0,2025-07-10 04:00:00,3315.81,3314.6,-12.84,24,Stop Loss Exit,334
Short,False,1.0,2025-07-10 08:00:00,3317.52,2025-07-10 16:00:00,3320.86,3337.34,-3.64,0,Signal Exit,335
Short,False,1.0,2025-07-10 20:00:00,3320.4,2025-07-11 04:00:00,3324.84,3346.35,-4.47,24,Signal Exit,336
Long,False,1.0,2025-07-11 04:00:00,3324.84,2025-07-11 08:00:00,3323.61,3293.74,-1.53,0,Signal Exit,337
Long,False,1.0,2025-07-11 12:00:00,3333.61,2025-07-12 04:00:00,3356.39,3318.19,21.73,24,Signal Exit,338
Long,False,1.0,2025-07-14 04:00:00,3362.93,2025-07-14 12:00:00,3356.99,3340.08,-6.24,0,Signal Exit,339
Long,False,1.0,2025-07-14 16:00:00,3372.08,2025-07-14 20:00:00,3363.98,3338.84,-8.4,0,Signal Exit,340
Long,False,1.0,2025-07-15 08:00:00,3345.37,2025-07-15 20:00:00,3354.87,3330.24,9.2,0,Signal Exit,341
Long,False,1.0,2025-07-17 00:00:00,3343.7,2025-07-17 08:00:00,3346.43,3303.3,2.43,0,Signal Exit,342
Long,False,1.0,2025-07-18 16:00:00,3349.75,2025-07-19 00:00:00,3353.71,3315.74,2.91,24,Signal Exit,343
Long,False,1.0,2025-07-21 04:00:00,3348.84,2025-07-21 08:00:00,3349.18,3335.35,0.04,0,Signal Exit,344
Long,False,1.0,2025-07-21 12:00:00,3351.36,2025-07-22 08:00:00,3396.52,3349.63,44.11,24,Signal Exit,345
Long,True,1.0,2025-07-22 04:00:00,3398.87,2025-07-22 08:00:00,3396.52,3362.97,-2.65,0,Signal Exit,346
Long,False,1.0,2025-07-22 20:00:00,3391.28,2025-07-23 08:00:00,3427.28,3377.88,34.95,24,Signal Exit,347
Long,True,1.0,2025-07-23 00:00:00,3426.56,2025-07-23 08:00:00,3427.28,3377.88,0.42,0,Signal Exit,348
Long,False,1.0,2025-07-23 20:00:00,3428.14,2025-07-24 00:00:00,3398.24,3401.54,-30.95,24,Stop Loss Exit,349
Short,False,1.0,2025-07-28 08:00:00,3333.74,2025-08-02 00:00:00,3348.64,3315.12,-13.85,120,Stop Loss Exit,350
Long,False,1.0,2025-08-04 20:00:00,3370.29,2025-08-05 12:00:00,3372.11,3335.1,0.77,24,Signal Exit,351
Long,False,1.0,2025-08-05 16:00:00,3373.73,2025-08-05 20:00:00,3351.36,3348.71,-22.67,0,Signal Exit,352
Long,False,1.0,2025-08-06 00:00:00,3389.59,2025-08-06 04:00:00,3379.09,3330.84,-10.8,0,Signal Exit,353
Long,False,1.0,2025-08-06 08:00:00,3383.3,2025-08-06 12:00:00,3374.69,3361.94,-8.91,0,Signal Exit,354
Long,False,1.0,2025-08-07 00:00:00,3377.56,2025-08-07 04:00:00,3371.68,3342.39,-6.18,0,Signal Exit,355
Long,False,1.0,2025-08-07 12:00:00,3379.78,2025-08-07 20:00:00,3378.33,3349.08,-1.75,0,Signal Exit,356
Long,False,1.0,2025-08-08 00:00:00,3390.22,2025-08-08 12:00:00,3395.78,3357.21,5.26,0,Signal Exit,357
Long,True,1.0,2025-08-08 04:00:00,3399.81,2025-08-08 12:00:00,3395.78,3357.21,-4.33,0,Signal Exit,358
Long,False,1.0,2025-08-08 16:00:00,3402.08,2025-08-08 20:00:00,3386.24,3364.21,-16.14,0,Signal Exit,359
Long,False,1.0,2025-08-09 00:00:00,3395.25,2025-08-11 04:00:00,3403.61,3361.96,6.56,48,Signal Exit,360
Long,True,1.0,2025-08-09 04:00:00,3398.48,2025-08-11 04:00:00,3403.61,3356.95,3.33,48,Signal Exit,361
Short,False,1.0,2025-08-12 04:00:00,3351.52,2025-08-18 16:00:00,3348.97,3352.47,3.87,144,Signal Exit,362
Short,False,1.0,2025-08-18 20:00:00,3345.45,2025-08-21 00:00:00,3340.75,3335.47,5.21,72,Stop Loss Exit,363
Short,False,1.0,2025-08-21 08:00:00,3346.88,2025-08-22 00:00:00,3343.69,3352.52,3.16,24,Signal Exit,364
Short,False,1.0,2025-08-22 04:00:00,3338.97,2025-08-23 00:00:00,3367.95,3350.03,-29.01,24,Stop Loss Exit,365
Short,True,1.0,2025-08-22 08:00:00,3338.44,2025-08-23 00:00:00,3367.95,3350.03,-29.54,24,Stop Loss Exit,366
Short,False,1.0,2025-08-25 04:00:00,3371.25,2025-08-25 20:00:00,3370.52,3385.23,0.43,0,Signal Exit,367
Long,False,1.0,2025-08-25 20:00:00,3370.52,2025-08-26 04:00:00,3365.51,3350.16,-6.06,24,Signal Exit,368
Long,False,1.0,2025-08-26 12:00:00,3372.12,2025-08-27 12:00:00,3380.54,3358.12,7.37,24,Signal Exit,369
Long,True,1.0,2025-08-27 04:00:00,3389.76,2025-08-27 12:00:00,3380.54,3358.12,-9.52,0,Signal Exit,370
Long,False,1.0,2025-08-27 16:00:00,3381.46,2025-08-27 20:00:00,3376.78,3360.56,-4.98,0,Signal Exit,371
Long,False,1.0,2025-08-28 00:00:00,3388.04,2025-08-28 08:00:00,3395.78,3360.55,7.44,0,Signal Exit,372
Long,True,1.0,2025-08-28 04:00:00,3396.29,2025-08-28 08:00:00,3395.78,3360.55,-0.81,0,Signal Exit,373
Long,False,1.0,2025-08-28 16:00:00,3395.88,2025-08-29 08:00:00,3414.82,3381.98,17.89,24,Signal Exit,374
Long,True,1.0,2025-08-28 20:00:00,3404.01,2025-08-29 08:00:00,3414.82,3381.98,9.76,24,Signal Exit,375
Long,False,1.0,2025-08-29 16:00:00,3412.18,2025-08-29 20:00:00,3410.69,3395.25,-1.79,0,Signal Exit,376
Long,False,1.0,2025-08-30 00:00:00,3445.45,2025-09-01 04:00:00,3444.29,3393.1,-2.96,48,Signal Exit,377
Long,True,1.0,2025-08-30 04:00:00,3452.58,2025-09-01 04:00:00,3444.29,3393.1,-10.09,48,Signal Exit,378
Long,False,1.0,2025-09-01 12:00:00,3474.71,2025-09-01 20:00:00,3470.08,3421.01,-4.93,0,Signal Exit,379
Long,True,2.0,2025-09-01 16:00:00,3477.79,2025-09-01 20:00:00,3470.08,3420.39,-16.02,0,Signal Exit,380
Long,False,1.0,2025-09-02 00:00:00,3474.15,2025-09-02 16:00:00,3476.92,3456.68,2.47,0,Signal Exit,381
Long,True,2.0,2025-09-02 04:00:00,3474.73,2025-09-02 16:00:00,3476.92,3456.68,3.78,0,Signal Exit,382
Long,False,1.0,2025-09-02 20:00:00,3489.9,2025-09-03 08:00:00,3530.12,3453.43,39.17,24,Signal Exit,383
Long,True,2.0,2025-09-03 00:00:00,3520.27,2025-09-03 08:00:00,3530.12,3453.43,19.1,0,Signal Exit,384
Long,False,1.0,2025-09-03 12:00:00,3530.85,2025-09-04 04:00:00,3563.77,3512.73,31.87,24,Signal Exit,385
Long,True,2.0,2025-09-03 16:00:00,3533.8,2025-09-04 04:00:00,3563.77,3512.73,57.84,24,Signal Exit,386
Long,False,1.0,2025-09-04 16:00:00,3541.14,2025-09-05 04:00:00,3550.01,3513.0,7.82,24,Signal Exit,387
Long,True,2.0,2025-09-04 20:00:00,3545.34,2025-09-05 04:00:00,3550.01,3513.0,7.24,24,Signal Exit,388
Long,False,1.0,2025-09-05 08:00:00,3552.69,2025-09-05 16:00:00,3547.98,3521.46,-5.01,0,Signal Exit,389
Long,False,1.0,2025-09-05 20:00:00,3553.24,2025-09-08 04:00:00,3583.72,3523.7,27.93,72,Signal Exit,390
Long,False,1.0,2025-09-08 08:00:00,3591.25,2025-09-08 12:00:00,3583.66,3564.77,-7.89,0,Signal Exit,391
Long,False,1.0,2025-09-08 16:00:00,3609.42,2025-09-09 04:00:00,3636.77,3588.14,26.3,24,Signal Exit,392
Long,True,2.0,2025-09-08 20:00:00,3619.83,2025-09-09 04:00:00,3636.77,3588.14,31.78,24,Signal Exit,393
Long,False,1.0,2025-09-09 12:00:00,3645.97,2025-09-09 16:00:00,3644.31,3609.92,-1.96,0,Signal Exit,394
Long,False,1.0,2025-09-09 20:00:00,3648.14,2025-09-10 00:00:00,3645.66,3617.89,-3.53,24,Signal Exit,395
Long,False,1.0,2025-09-10 08:00:00,3633.62,2025-09-11 00:00:00,3644.5,3615.8,9.83,24,Signal Exit,396
Long,False,1.0,2025-09-11 08:00:00,3644.97,2025-09-11 12:00:00,3632.01,3617.36,-13.26,0,Signal Exit,397
Long,False,1.0,2025-09-12 00:00:00,3633.19,2025-09-12 08:00:00,3631.74,3593.78,-1.75,0,Signal Exit,398
Long,True,2.0,2025-09-12 04:00:00,3636.94,2025-09-12 08:00:00,3631.74,3594.01,-11.0,0,Signal Exit,399
Long,False,1.0,2025-09-12 12:00:00,3652.75,2025-09-12 16:00:00,3648.19,3614.15,-4.86,0,Signal Exit,400
Long,False,1.0,2025-09-15 12:00:00,3646.05,2025-09-15 16:00:00,3643.84,3611.82,-2.51,0,Signal Exit,401
Long,False,1.0,2025-09-16 00:00:00,3680.59,2025-09-16 08:00:00,3676.98,3619.8,-3.91,0,Signal Exit,402
Long,True,2.0,2025-09-16 04:00:00,3680.9,2025-09-16 08:00:00,3676.98,3622.4,-8.44,0,Signal Exit,403
Long,False,1.0,2025-09-16 12:00:00,3681.01,2025-09-17 00:00:00,3686.24,3665.77,4.18,24,Signal Exit,404
Long,True,2.0,2025-09-16 16:00:00,3686.53,2025-09-17 00:00:00,3686.24,3665.77,-2.68,24,Signal Exit,405
Long,False,1.0,2025-09-17 04:00:00,3689.63,2025-09-17 12:00:00,3681.69,3670.46,-8.24,0,Signal Exit,406
Long,True,2.0,2025-09-17 08:00:00,3694.16,2025-09-17 12:00:00,3681.69,3670.46,-25.54,0,Signal Exit,407
Long,False,1.0,2025-09-18 00:00:00,3684.25,2025-09-18 04:00:00,3661.8,3643.8,-22.75,0,Signal Exit,408
Long,False,1.0,2025-09-18 08:00:00,3669.1,2025-09-18 12:00:00,3658.64,3628.63,-10.76,0,Signal Exit,409
Long,False,1.0,2025-09-18 20:00:00,3667.23,2025-09-19 00:00:00,3641.3,3614.01,-26.98,24,Signal Exit,410
Long,False,1.0,2025-09-20 00:00:00,3670.87,2025-09-23 12:00:00,3746.71,3695.68,73.29,72,Signal Exit,411
Long,True,1.0,2025-09-22 08:00:00,3686.01,2025-09-23 12:00:00,3746.71,3695.68,59.65,24,Signal Exit,412
Long,False,1.0,2025-09-23 16:00:00,3753.4,2025-09-24 00:00:00,3779.17,3724.57,24.72,24,Signal Exit,413
Long,True,2.0,2025-09-23 20:00:00,3783.64,2025-09-24 00:00:00,3779.17,3724.57,-11.04,24,Signal Exit,414
Long,False,1.0,2025-09-24 12:00:00,3765.3,2025-09-24 20:00:00,3769.0,3730.31,3.4,0,Signal Exit,415
Long,True,2.0,2025-09-24 16:00:00,3777.54,2025-09-24 20:00:00,3769.0,3730.31,-17.68,0,Signal Exit,416
Long,False,1.0,2025-09-25 08:00:00,3742.87,2025-09-25 12:00:00,3736.56,3696.21,-6.61,0,Signal Exit,417
Long,False,1.0,2025-09-25 16:00:00,3752.31,2025-09-26 00:00:00,3736.12,3707.05,-17.24,24,Signal Exit,418
Long,False,1.0,2025-09-26 04:00:00,3746.77,2025-09-26 08:00:00,3744.61,3699.18,-2.46,0,Signal Exit,419
Long,False,1.0,2025-09-26 12:00:00,3745.6,2025-09-27 04:00:00,3766.73,3720.14,20.08,24,Signal Exit,420
Long,False,1.0,2025-09-29 08:00:00,3766.9,2025-09-30 04:00:00,3828.65,3770.56,60.7,24,Signal Exit,421
Long,True,1.0,2025-09-29 12:00:00,3794.47,2025-09-30 04:00:00,3828.65,3770.56,33.13,24,Signal Exit,422
Long,False,1.0,2025-09-30 08:00:00,3832.93,2025-09-30 16:00:00,3843.86,3804.83,10.63,0,Signal Exit,423
Long,True,2.0,2025-09-30 12:00:00,3864.71,2025-09-30 16:00:00,3843.86,3804.83,-42.3,0,Signal Exit,424
Long,False,1.0,2025-10-01 00:00:00,3839.04,2025-10-01 12:00:00,3862.07,3812.56,22.73,0,Signal Exit,425
Long,True,2.0,2025-10-01 04:00:00,3859.06,2025-10-01 12:00:00,3862.07,3812.56,5.42,0,Signal Exit,426
Long,False,1.0,2025-10-01 16:00:00,3879.12,2025-10-02 00:00:00,3868.48,3827.33,-11.69,24,Signal Exit,427
Long,True,2.0,2025-10-01 20:00:00,3883.69,2025-10-02 00:00:00,3868.48,3827.33,-32.52,24,Signal Exit,428
Long,False,1.0,2025-10-02 12:00:00,3866.56,2025-10-03 00:00:00,3828.1,3836.88,-39.51,24,Stop Loss Exit,429
Long,True,2.0,2025-10-02 16:00:00,3868.52,2025-10-03 00:00:00,3828.1,3836.88,-82.94,24,Stop Loss Exit,430
Long,False,1.0,2025-10-03 04:00:00,3855.63,2025-10-03 12:00:00,3842.66,3803.19,-13.27,0,Signal Exit,431
Long,False,1.0,2025-10-03 16:00:00,3864.44,2025-10-03 20:00:00,3862.11,3813.05,-2.63,0,Signal Exit,432
Long,False,1.0,2025-10-04 00:00:00,3889.49,2025-10-04 04:00:00,3885.69,3829.84,-4.1,0,Signal Exit,433
Long,False,1.0,2025-10-06 04:00:00,3887.05,2025-10-06 20:00:00,3938.11,3873.48,50.76,0,Signal Exit,434
Long,True,2.0,2025-10-06 08:00:00,3909.54,2025-10-06 20:00:00,3938.11,3873.48,56.54,0,Signal Exit,435
Long,False,1.0,2025-10-07 00:00:00,3962.48,2025-10-07 04:00:00,3959.46,3899.08,-3.32,0,Signal Exit,436
Long,False,1.0,2025-10-07 08:00:00,3969.55,2025-10-07 16:00:00,3945.93,3923.47,-23.92,0,Signal Exit,437
Long,True,2.0,2025-10-07 12:00:00,3973.58,2025-10-07 16:00:00,3945.93,3932.58,-55.9,0,Signal Exit,438
Long,False,1.0,2025-10-07 20:00:00,3966.89,2025-10-08 00:00:00,3966.5,3916.58,-1.44,24,Signal Exit,439
Long,False,1.0,2025-10-08 04:00:00,3980.3,2025-10-09 04:00:00,4044.98,3958.2,63.63,24,Signal Exit,440
Long,True,2.0,2025-10-08 08:00:00,3994.43,2025-10-09 04:00:00,4044.98,3958.2,99.0,24,Signal Exit,441
Long,False,1.0,2025-10-09 12:00:00,4026.93,2025-10-10 00:00:00,4014.54,3995.67,-13.44,24,Signal Exit,442
Long,True,2.0,2025-10-09 16:00:00,4031.56,2025-10-10 00:00:00,4014.54,3995.67,-36.14,24,Signal Exit,443
Long,False,1.0,2025-10-10 08:00:00,3989.72,2025-10-10 12:00:00,3962.0,3912.49,-28.02,0,Signal Exit,444
Long,False,1.0,2025-10-10 20:00:00,3987.26,2025-10-14 16:00:00,4126.06,4071.95,135.5,96,Signal Exit,445
Long,True,2.0,2025-10-13 08:00:00,4035.07,2025-10-14 16:00:00,4126.06,4071.95,179.88,24,Signal Exit,446
Long,False,1.0,2025-10-14 20:00:00,4130.6,2025-10-15 20:00:00,4198.84,4118.13,67.19,24,Signal Exit,447
Long,True,2.0,2025-10-15 00:00:00,4137.86,2025-10-15 20:00:00,4198.84,4118.13,121.36,0,Signal Exit,448
Long,False,1.0,2025-10-16 04:00:00,4210.23,2025-10-16 08:00:00,4209.08,4137.67,-1.45,0,Signal Exit,449
Long,False,1.0,2025-10-16 12:00:00,4233.87,2025-10-16 16:00:00,4230.75,4161.77,-3.42,0,Signal Exit,450
Long,False,1.0,2025-10-16 20:00:00,4240.59,2025-10-17 16:00:00,4342.28,4222.83,100.64,24,Signal Exit,451
Long,True,2.0,2025-10-17 00:00:00,4273.52,2025-10-17 16:00:00,4342.28,4222.83,136.92,0,Signal Exit,452
Long,False,1.0,2025-10-20 04:00:00,4243.5,2025-10-20 08:00:00,4237.82,4134.12,-5.98,0,Signal Exit,453
Long,False,1.0,2025-10-20 12:00:00,4264.75,2025-10-20 16:00:00,4255.23,4163.38,-9.82,0,Signal Exit,454
Long,False,1.0,2025-10-20 20:00:00,4278.47,2025-10-21 08:00:00,4360.36,4212.67,80.84,24,Signal Exit,455
Long,True,2.0,2025-10-21 04:00:00,4377.99,2025-10-21 08:00:00,4360.36,4212.67,-35.86,0,Signal Exit,456
Long,False,1.0,2025-10-31 04:00:00,4023.32,2025-10-31 12:00:00,3996.32,3946.96,-27.3,0,Signal Exit,457
Long,False,1.0,2025-10-31 16:00:00,4021.12,2025-10-31 20:00:00,4010.44,3943.99,-10.98,0,Signal Exit,458
Long,False,1.0,2025-11-01 00:00:00,4012.74,2025-11-01 04:00:00,4000.97,3955.86,-12.07,0,Signal Exit,459
Long,False,1.0,2025-11-03 04:00:00,3983.73,2025-11-03 08:00:00,3979.55,3930.87,-4.48,0,Signal Exit,460
Long,False,1.0,2025-11-03 12:00:00,4011.19,2025-11-03 20:00:00,4007.54,3925.48,-3.95,0,Signal Exit,461
Long,False,1.0,2025-11-04 00:00:00,4007.63,2025-11-04 04:00:00,4004.86,3958.45,-3.07,0,Signal Exit,462
Long,False,1.0,2025-11-04 20:00:00,3995.16,2025-11-05 00:00:00,3956.97,3938.15,-39.24,24,Signal Exit,463
Long,False,1.0,2025-11-06 16:00:00,4005.6,2025-11-07 00:00:00,3980.31,3954.88,-26.34,24,Signal Exit,464
Long,False,1.0,2025-11-07 12:00:00,3990.54,2025-11-07 20:00:00,4003.09,3959.54,12.25,0,Signal Exit,465
Long,False,1.0,2025-11-08 04:00:00,4006.57,2025-11-10 04:00:00,3999.21,3959.21,-9.16,48,Signal Exit,466
Long,False,1.0,2025-11-10 08:00:00,4011.78,2025-11-11 00:00:00,4084.32,4025.4,71.49,24,Signal Exit,467
Long,False,1.0,2025-11-11 04:00:00,4113.33,2025-11-11 16:00:00,4129.17,4081.55,15.54,0,Signal Exit,468
Long,True,1.0,2025-11-11 08:00:00,4120.21,2025-11-11 16:00:00,4129.17,4081.55,8.66,0,Signal Exit,469
Long,False,1.0,2025-11-11 20:00:00,4143.08,2025-11-12 00:00:00,4106.56,4099.54,-37.57,24,Signal Exit,470
Long,False,1.0,2025-11-12 04:00:00,4123.05,2025-11-12 12:00:00,4111.99,4079.43,-11.36,0,Signal Exit,471
Long,True,2.0,2025-11-12 08:00:00,4142.66,2025-11-12 12:00:00,4111.99,4079.43,-61.94,0,Signal Exit,472
Long,False,1.0,2025-11-12 16:00:00,4117.14,2025-11-13 08:00:00,4190.93,4092.27,72.74,24,Signal Exit,473
Long,True,2.0,2025-11-12 20:00:00,4126.15,2025-11-13 08:00:00,4190.93,4092.27,127.46,24,Signal Exit,474
Long,False,1.0,2025-11-13 12:00:00,4213.02,2025-11-14 00:00:00,4202.68,4174.31,-11.39,24,Signal Exit,475
Long,True,2.0,2025-11-13 16:00:00,4220.06,2025-11-14 00:00:00,4202.68,4174.31,-36.86,24,Signal Exit,476
Long,False,1.0,2025-11-14 08:00:00,4186.33,2025-11-14 16:00:00,4181.0,4125.88,-5.63,0,Signal Exit,477
Long,False,1.0,2025-11-20 08:00:00,4104.6,2025-11-20 12:00:00,4072.14,4015.42,-32.76,0,Signal Exit,478
Long,False,1.0,2025-11-21 04:00:00,4084.71,2025-11-21 08:00:00,4079.21,4003.64,-5.8,0,Signal Exit,479
Long,False,1.0,2025-11-22 00:00:00,4069.49,2025-11-24 04:00:00,4068.96,3994.44,-2.33,48,Signal Exit,480
Long,False,1.0,2025-11-24 08:00:00,4074.99,2025-11-24 12:00:00,4050.43,4017.01,-24.86,0,Signal Exit,481
Long,False,1.0,2025-11-24 20:00:00,4069.96,2025-11-25 12:00:00,4143.04,4056.82,72.03,24,Signal Exit,482
Long,False,1.0,2025-11-25 20:00:00,4133.55,2025-11-26 00:00:00,4122.88,4078.56,-11.72,24,Signal Exit,483
Long,False,1.0,2025-11-26 04:00:00,4133.93,2025-11-26 08:00:00,4133.8,4080.93,-0.43,0,Signal Exit,484
Long,False,1.0,2025-11-26 12:00:00,4166.08,2025-11-26 16:00:00,4157.32,4099.33,-9.06,0,Signal Exit,485
Long,False,1.0,2025-11-26 20:00:00,4171.64,2025-11-27 00:00:00,4165.34,4119.26,-7.35,24,Signal Exit,486
Long,False,1.0,2025-11-27 08:00:00,4164.7,2025-11-27 12:00:00,4147.46,4131.49,-17.54,0,Signal Exit,487
Long,False,1.0,2025-11-27 16:00:00,4160.03,2025-11-27 20:00:00,4157.27,4117.52,-3.06,0,Signal Exit,488
Long,False,1.0,2025-11-28 00:00:00,4158.04,2025-11-28 04:00:00,4159.71,4124.99,1.37,0,Signal Exit,489
Long,False,1.0,2025-11-28 08:00:00,4163.46,2025-11-28 16:00:00,4174.65,4139.27,10.89,0,Signal Exit,490
Long,False,1.0,2025-11-29 00:00:00,4203.7,2025-12-02 00:00:00,4232.5,4191.15,26.25,72,Signal Exit,491
Long,True,2.0,2025-12-01 08:00:00,4222.13,2025-12-02 00:00:00,4232.5,4191.15,18.64,24,Signal Exit,492
Long,False,1.0,2025-12-02 04:00:00,4237.09,2025-12-02 08:00:00,4227.58,4193.28,-9.81,0,Signal Exit,493
Long,False,1.0,2025-12-03 04:00:00,4196.71,2025-12-03 16:00:00,4206.44,4163.53,9.43,0,Signal Exit,494
Long,False,1.0,2025-12-03 20:00:00,4208.82,2025-12-04 04:00:00,4207.75,4164.55,-2.12,24,Signal Exit,495
Long,False,1.0,2025-12-05 00:00:00,4207.57,2025-12-05 08:00:00,4205.98,4154.72,-1.89,0,Signal Exit,496
Long,False,1.0,2025-12-05 16:00:00,4224.67,2025-12-05 20:00:00,4223.62,4172.44,-1.35,0,Signal Exit,497
Long,False,1.0,2025-12-06 00:00:00,4243.82,2025-12-06 04:00:00,4207.68,4193.4,-36.44,0,Signal Exit,498
Long,False,1.0,2025-12-10 00:00:00,4212.75,2025-12-10 04:00:00,4212.47,4159.17,-0.58,0,Signal Exit,499
Long,False,1.0,2025-12-11 04:00:00,4216.29,2025-12-11 12:00:00,4216.69,4161.38,0.1,0,Signal Exit,500
Long,True,1.0,2025-12-11 08:00:00,4232.33,2025-12-11 12:00:00,4216.69,4161.38,-15.94,0,Signal Exit,501
Long,False,1.0,2025-12-12 00:00:00,4255.98,2025-12-12 12:00:00,4270.66,4180.34,14.38,0,Signal Exit,502
Long,True,2.0,2025-12-12 04:00:00,4273.52,2025-12-12 12:00:00,4270.66,4180.34,-6.32,0,Signal Exit,503
Long,False,1.0,2025-12-12 16:00:00,4287.18,2025-12-13 00:00:00,4290.55,4238.48,2.32,24,Signal Exit,504
Long,True,2.0,2025-12-12 20:00:00,4336.45,2025-12-13 00:00:00,4290.55,4238.48,-93.9,24,Signal Exit,505
Long,False,1.0,2025-12-13 04:00:00,4296.54,2025-12-16 00:00:00,4318.37,4269.16,19.28,72,Signal Exit,506
Long,True,2.0,2025-12-15 04:00:00,4295.98,2025-12-16 00:00:00,4318.37,4269.16,42.68,24,Signal Exit,507
Long,False,1.0,2025-12-17 00:00:00,4319.76,2025-12-17 04:00:00,4310.21,4242.91,-9.85,0,Signal Exit,508
Long,False,1.0,2025-12-17 12:00:00,4323.66,2025-12-17 16:00:00,4317.25,4274.62,-6.71,0,Signal Exit,509
Long,False,1.0,2025-12-18 00:00:00,4330.36,2025-12-18 12:00:00,4333.22,4279.64,2.56,0,Signal Exit,510
Long,True,2.0,2025-12-18 04:00:00,4336.98,2025-12-18 12:00:00,4333.22,4287.14,-8.12,0,Signal Exit,511
Long,False,1.0,2025-12-19 00:00:00,4338.01,2025-12-19 04:00:00,4324.9,4284.99,-13.41,0,Signal Exit,512
Long,False,1.0,2025-12-19 08:00:00,4335.12,2025-12-19 12:00:00,4318.11,4298.96,-17.31,0,Signal Exit,513
Long,False,1.0,2025-12-19 16:00:00,4322.85,2025-12-20 04:00:00,4345.17,4297.47,21.27,24,Signal Exit,514
Long,False,1.0,2025-12-22 08:00:00,4355.05,2025-12-22 20:00:00,4410.43,4332.51,55.08,0,Signal Exit,515
Long,False,1.0,2025-12-23 00:00:00,4431.71,2025-12-23 16:00:00,4486.56,4409.26,54.55,0,Signal Exit,516
Long,True,2.0,2025-12-23 04:00:00,4433.49,2025-12-23 16:00:00,4486.56,4409.26,105.54,0,Signal Exit,517
Long,False,1.0,2025-12-23 20:00:00,4493.58,2025-12-24 00:00:00,4458.57,4447.18,-36.06,24,Signal Exit,518
Long,False,1.0,2025-12-24 04:00:00,4490.82,2025-12-24 12:00:00,4493.22,4427.81,2.1,0,Signal Exit,519
Long,True,2.0,2025-12-24 08:00:00,4503.41,2025-12-24 12:00:00,4493.22,4427.81,-20.98,0,Signal Exit,520
Long,False,1.0,2025-12-24 20:00:00,4491.34,2025-12-25 00:00:00,4458.49,4448.21,-33.9,24,Signal Exit,521
Long,False,1.0,2025-12-26 04:00:00,4498.82,2025-12-26 20:00:00,4509.7,4423.6,10.58,0,Signal Exit,522
Long,False,1.0,2025-12-27 00:00:00,4546.63,2025-12-27 04:00:00,4523.84,4469.09,-23.09,0,Signal Exit,523
Long,False,1.0,2025-12-29 04:00:00,4548.84,2025-12-29 08:00:00,4527.34,4478.09,-21.8,0,Signal Exit,524
Long,False,1.0,2026-01-05 12:00:00,4399.99,2026-01-05 20:00:00,4419.29,4331.79,19.0,0,Signal Exit,525
Long,False,1.0,2026-01-06 00:00:00,4448.71,2026-01-06 04:00:00,4439.84,4359.51,-9.17,0,Signal Exit,526
Long,False,1.0,2026-01-06 08:00:00,4440.68,2026-01-06 16:00:00,4458.76,4393.49,17.78,0,Signal Exit,527
Long,False,1.0,2026-01-06 20:00:00,4463.23,2026-01-07 12:00:00,4474.59,4406.07,10.31,24,Signal Exit,528
Long,True,2.0,2026-01-07 04:00:00,4481.38,2026-01-07 12:00:00,4474.59,4421.19,-14.18,0,Signal Exit,529
Long,False,1.0,2026-01-08 04:00:00,4456.84,2026-01-08 12:00:00,4440.39,4391.79,-16.75,0,Signal Exit,530
Long,False,1.0,2026-01-09 00:00:00,4454.21,2026-01-09 04:00:00,4452.22,4378.46,-2.29,0,Signal Exit,531
Long,False,1.0,2026-01-09 08:00:00,4475.58,2026-01-09 12:00:00,4464.11,4416.93,-11.77,0,Signal Exit,532
Long,False,1.0,2026-01-09 16:00:00,4470.39,2026-01-10 04:00:00,4499.23,4430.19,27.79,24,Signal Exit,533
Long,False,1.0,2026-01-12 04:00:00,4521.41,2026-01-12 20:00:00,4584.96,4481.46,63.25,0,Signal Exit,534
Long,False,1.0,2026-01-13 00:00:00,4620.82,2026-01-13 04:00:00,4611.25,4545.58,-9.87,0,Signal Exit,535
Long,False,1.0,2026-01-13 20:00:00,4588.53,2026-01-14 04:00:00,4597.46,4542.87,7.88,24,Signal Exit,536
Long,True,1.0,2026-01-14 00:00:00,4619.09,2026-01-14 04:00:00,4597.46,4542.87,-21.93,0,Signal Exit,537
Long,False,1.0,2026-01-14 12:00:00,4628.26,2026-01-14 20:00:00,4630.22,4563.43,1.66,0,Signal Exit,538
Long,False,1.0,2026-01-15 04:00:00,4639.36,2026-01-15 08:00:00,4615.35,4566.01,-24.31,0,Signal Exit,539
Long,False,1.0,2026-01-15 16:00:00,4601.37,2026-01-16 00:00:00,4615.37,4548.03,12.95,24,Signal Exit,540
Long,True,2.0,2026-01-15 20:00:00,4619.06,2026-01-16 00:00:00,4615.37,4548.03,-9.48,24,Signal Exit,541
Long,False,1.0,2026-01-16 04:00:00,4615.7,2026-01-16 08:00:00,4610.17,4548.37,-5.83,0,Signal Exit,542
Long,False,1.0,2026-01-16 16:00:00,4607.06,2026-01-17 00:00:00,4571.13,4561.88,-36.98,24,Signal Exit,543
Long,False,1.0,2026-01-19 08:00:00,4672.53,2026-01-19 12:00:00,4658.55,4544.94,-14.28,0,Signal Exit,544
Long,False,1.0,2026-01-20 00:00:00,4674.32,2026-01-20 04:00:00,4675.1,4627.67,0.48,0,Signal Exit,545
Long,False,1.0,2026-01-20 12:00:00,4680.2,2026-01-22 00:00:00,4848.36,4739.65,166.36,48,Signal Exit,546
Long,True,2.0,2026-01-20 16:00:00,4716.23,2026-01-22 00:00:00,4848.36,4739.65,260.66,48,Signal Exit,547
Long,False,1.0,2026-01-22 12:00:00,4796.68,2026-01-22 20:00:00,4831.18,4724.42,34.2,0,Signal Exit,548
Long,True,2.0,2026-01-22 16:00:00,4832.68,2026-01-22 20:00:00,4831.18,4724.42,-3.6,0,Signal Exit,549
Long,False,1.0,2026-01-23 00:00:00,4871.59,2026-01-23 12:00:00,4952.03,4815.05,80.14,0,Signal Exit,550
Long,True,2.0,2026-01-23 04:00:00,4911.92,2026-01-23 12:00:00,4952.03,4815.05,79.62,0,Signal Exit,551
Long,False,1.0,2026-01-24 00:00:00,4960.48,2026-01-27 00:00:00,5091.01,4961.57,127.98,72,Signal Exit,552
Long,True,2.0,2026-01-24 04:00:00,4984.51,2026-01-27 00:00:00,5091.01,4961.57,207.9,72,Signal Exit,553
Long,False,1.0,2026-01-27 08:00:00,5043.56,2026-01-27 20:00:00,5076.95,4964.75,33.09,0,Signal Exit,554
Long,True,2.0,2026-01-27 12:00:00,5076.3,2026-01-27 20:00:00,5076.95,4964.75,0.7,0,Signal Exit,555
Long,False,1.0,2026-01-28 00:00:00,5090.93,2026-01-28 20:00:00,5261.99,5098.85,170.76,0,Signal Exit,556
Long,True,2.0,2026-01-28 04:00:00,5098.93,2026-01-28 20:00:00,5261.99,5098.85,325.52,0,Signal Exit,557
Long,False,1.0,2026-01-29 00:00:00,5278.41,2026-01-29 20:00:00,5522.71,5190.01,244.0,0,Signal Exit,558
Long,True,2.0,2026-01-29 04:00:00,5325.25,2026-01-29 20:00:00,5522.71,5190.01,394.32,0,Signal Exit,559
Long,False,1.0,2026-01-30 04:00:00,5305.81,2026-01-30 12:00:00,5196.28,5041.1,-109.83,0,Signal Exit,560
Long,False,1.0,2026-02-04 12:00:00,5068.35,2026-02-04 20:00:00,5047.61,4804.39,-21.04,0,Signal Exit,561
Long,False,1.0,2026-02-05 08:00:00,5011.75,2026-02-05 12:00:00,4880.5,4751.01,-131.55,0,Signal Exit,562
Long,False,1.0,2026-02-06 20:00:00,4886.53,2026-02-09 12:00:00,5016.23,4831.44,127.15,72,Signal Exit,563
Long,False,1.0,2026-02-09 20:00:00,5010.58,2026-02-10 08:00:00,5031.77,4914.11,20.14,24,Signal Exit,564
Long,True,1.0,2026-02-10 04:00:00,5074.67,2026-02-10 08:00:00,5031.77,4914.11,-43.2,0,Signal Exit,565
Long,False,1.0,2026-02-10 16:00:00,5033.14,2026-02-11 00:00:00,5019.63,4952.15,-14.56,24,Signal Exit,566
Long,True,1.0,2026-02-10 20:00:00,5056.17,2026-02-11 00:00:00,5019.63,4952.15,-37.59,24,Signal Exit,567
Long,False,1.0,2026-02-11 04:00:00,5027.55,2026-02-12 00:00:00,5059.9,4993.1,31.3,24,Signal Exit,568
Long,False,1.0,2026-02-12 04:00:00,5082.15,2026-02-12 08:00:00,5060.9,4963.74,-21.55,0,Signal Exit,569
Long,False,1.0,2026-02-12 16:00:00,5063.78,2026-02-12 20:00:00,5064.19,4997.87,0.11,0,Signal Exit,570
Long,False,1.0,2026-02-16 04:00:00,5035.13,2026-02-16 08:00:00,5020.25,4915.87,-15.18,0,Signal Exit,571
Long,False,1.0,2026-02-19 00:00:00,4997.77,2026-02-19 04:00:00,4980.47,4855.68,-17.6,0,Signal Exit,572
Long,False,1.0,2026-02-19 12:00:00,4981.66,2026-02-19 20:00:00,4985.1,4907.64,3.14,0,Signal Exit,573
Long,False,1.0,2026-02-20 00:00:00,5013.88,2026-02-20 04:00:00,4987.98,4915.31,-26.2,0,Signal Exit,574
Long,False,1.0,2026-02-20 16:00:00,5006.59,2026-02-23 16:00:00,5136.72,5034.79,127.58,72,Signal Exit,575
Long,True,2.0,2026-02-20 20:00:00,5017.25,2026-02-23 16:00:00,5136.72,5034.79,233.84,72,Signal Exit,576
Long,False,1.0,2026-02-23 20:00:00,5149.58,2026-02-24 12:00:00,5171.9,5131.0,21.27,24,Signal Exit,577
Long,True,1.0,2026-02-24 00:00:00,5196.21,2026-02-24 12:00:00,5171.9,5131.0,-24.61,0,Signal Exit,578
Long,False,1.0,2026-02-24 16:00:00,5179.44,2026-02-24 20:00:00,5172.49,5095.82,-7.25,0,Signal Exit,579
Long,False,1.0,2026-02-25 04:00:00,5154.11,2026-02-25 08:00:00,5146.66,5045.32,-7.75,0,Signal Exit,580
Long,False,1.0,2026-02-25 12:00:00,5182.06,2026-02-25 20:00:00,5181.35,5069.91,-1.01,0,Signal Exit,581
Long,False,1.0,2026-02-26 00:00:00,5194.74,2026-02-26 08:00:00,5162.95,5111.89,-32.09,0,Signal Exit,582
Long,True,1.0,2026-02-26 04:00:00,5205.11,2026-02-26 08:00:00,5162.95,5111.89,-42.46,0,Signal Exit,583
Long,False,1.0,2026-02-26 12:00:00,5192.68,2026-02-26 16:00:00,5186.18,5098.78,-6.8,0,Signal Exit,584
Long,False,1.0,2026-02-27 00:00:00,5185.88,2026-02-27 08:00:00,5184.65,5085.96,-1.53,0,Signal Exit,585
Long,True,2.0,2026-02-27 04:00:00,5186.93,2026-02-27 08:00:00,5184.65,5084.9,-5.16,0,Signal Exit,586
Long,False,1.0,2026-02-27 20:00:00,5185.59,2026-03-02 12:00:00,5366.17,5205.61,178.03,72,Signal Exit,587
Long,True,2.0,2026-02-28 00:00:00,5239.34,2026-03-02 12:00:00,5366.17,5205.61,250.06,48,Signal Exit,588
Long,False,1.0,2026-03-02 16:00:00,5408.47,2026-03-02 20:00:00,5385.32,5256.21,-23.45,0,Signal Exit,589
Long,False,1.0,2026-03-03 04:00:00,5330.23,2026-03-03 16:00:00,5327.58,5265.78,-2.95,0,Signal Exit,590
Long,False,1.0,2026-03-10 12:00:00,5157.31,2026-03-10 20:00:00,5175.35,5052.95,17.74,0,Signal Exit,591
Long,False,1.0,2026-03-11 00:00:00,5228.78,2026-03-11 04:00:00,5198.6,5093.78,-30.48,0,Signal Exit,592
Long,False,1.0,2026-03-11 12:00:00,5203.26,2026-03-11 16:00:00,5195.88,5124.64,-7.68,0,Signal Exit,593
Long,False,1.0,2026-03-12 04:00:00,5183.02,2026-03-12 08:00:00,5134.15,5106.2,-49.17,0,Signal Exit,594
Long,False,1.0,2026-03-12 12:00:00,5153.41,2026-03-12 20:00:00,5179.67,5082.02,25.96,0,Signal Exit,595
Short,False,1.0,2026-03-19 04:00:00,4842.7,2026-03-25 12:00:00,4570.19,4582.23,273.83,144,Signal Exit,596
Short,False,1.0,2026-03-25 16:00:00,4539.2,2026-03-25 20:00:00,4578.75,4730.41,-39.85,0,Signal Exit,597
Short,False,1.0,2026-03-26 00:00:00,4558.96,2026-03-26 12:00:00,4516.95,4690.96,41.71,0,Signal Exit,598
Short,False,1.0,2026-03-26 16:00:00,4452.39,2026-03-28 00:00:00,4524.27,4537.37,-71.64,48,Signal Exit,599
Short,False,1.0,2026-03-28 04:00:00,4514.53,2026-03-30 12:00:00,4496.16,4585.59,18.61,48,Signal Exit,600
Short,False,1.0,2026-03-31 00:00:00,4548.04,2026-03-31 08:00:00,4511.93,4648.51,35.81,0,Signal Exit,601
Short,False,1.0,2026-04-01 12:00:00,4681.73,2026-04-01 16:00:00,4712.91,4789.11,-31.48,0,Signal Exit,602
Short,False,1.0,2026-04-02 04:00:00,4766.06,2026-04-02 08:00:00,4783.92,4855.6,-18.16,0,Signal Exit,603
Short,False,1.0,2026-04-02 12:00:00,4676.36,2026-04-03 00:00:00,4661.02,4873.38,15.31,24,Signal Exit,604
Short,False,1.0,2026-04-06 08:00:00,4611.01,2026-04-06 12:00:00,4640.54,4746.7,-29.83,0,Signal Exit,605
Short,False,1.0,2026-04-06 20:00:00,4678.06,2026-04-07 08:00:00,4658.68,4773.42,19.35,24,Signal Exit,606
Short,False,1.0,2026-04-07 12:00:00,4649.74,2026-04-07 20:00:00,4660.26,4729.6,-10.82,0,Signal Exit,607
Short,False,1.0,2026-04-08 00:00:00,4655.74,2026-04-08 04:00:00,4700.68,4744.59,-45.24,0,Signal Exit,608
Short,False,1.0,2026-04-08 12:00:00,4797.49,2026-04-08 16:00:00,4813.63,4914.36,-16.44,0,Signal Exit,609
Short,False,1.0,2026-04-08 20:00:00,4798.5,2026-04-09 16:00:00,4724.25,4866.03,74.22,24,Signal Exit,610
Short,False,1.0,2026-04-10 04:00:00,4769.18,2026-04-10 12:00:00,4766.7,4855.78,2.18,0,Signal Exit,611
Short,False,1.0,2026-04-10 16:00:00,4749.62,2026-04-10 20:00:00,4768.81,4821.83,-19.49,0,Signal Exit,612
Short,False,1.0,2026-04-11 00:00:00,4761.83,2026-04-13 16:00:00,4733.64,4798.87,28.43,48,Signal Exit,613
Short,False,1.0,2026-04-13 20:00:00,4706.81,2026-04-14 04:00:00,4741.36,4781.77,-34.58,24,Signal Exit,614
Short,False,1.0,2026-04-14 20:00:00,4774.9,2026-04-15 00:00:00,4808.32,4837.01,-33.45,24,Signal Exit,615
Short,False,1.0,2026-04-15 08:00:00,4837.13,2026-04-15 20:00:00,4812.23,4909.94,24.6,0,Signal Exit,616
Short,False,1.0,2026-04-16 00:00:00,4801.77,2026-04-16 08:00:00,4823.5,4867.94,-22.03,0,Signal Exit,617
Short,False,1.0,2026-04-16 16:00:00,4821.29,2026-04-16 20:00:00,4822.25,4873.13,-1.26,0,Signal Exit,618
Short,False,1.0,2026-04-17 00:00:00,4807.09,2026-04-17 12:00:00,4793.32,4858.95,13.47,0,Signal Exit,619
Short,False,1.0,2026-04-17 16:00:00,4784.52,2026-04-17 20:00:00,4799.12,4837.76,-14.9,0,Signal Exit,620
Short,False,1.0,2026-04-18 04:00:00,4854.7,2026-04-20 20:00:00,4810.43,4892.56,44.51,48,Signal Exit,621
Short,False,1.0,2026-04-21 00:00:00,4799.59,2026-04-21 04:00:00,4814.09,4868.85,-14.8,0,Signal Exit,622
Short,False,1.0,2026-04-21 12:00:00,4797.28,2026-04-30 20:00:00,4630.56,4617.12,168.85,216,Stop Loss Exit,623
Short,True,1.0,2026-04-24 04:00:00,4696.07,2026-04-30 20:00:00,4630.56,4617.12,66.83,144,Stop Loss Exit,624
Short,False,1.0,2026-05-01 00:00:00,4615.45,2026-05-02 00:00:00,4643.09,4673.5,-27.67,24,Signal Exit,625
Short,False,1.0,2026-05-02 04:00:00,4610.62,2026-05-04 12:00:00,4615.11,4701.03,-4.25,48,Signal Exit,626
Short,True,2.0,2026-05-04 08:00:00,4613.75,2026-05-04 12:00:00,4615.11,4664.75,-3.32,0,Signal Exit,627
Short,False,1.0,2026-05-04 16:00:00,4578.76,2026-05-06 08:00:00,4593.95,4621.8,-14.95,48,Signal Exit,628
Short,True,2.0,2026-05-04 20:00:00,4560.37,2026-05-06 08:00:00,4593.95,4621.8,-66.68,48,Signal Exit,629
Short,False,1.0,2026-05-07 00:00:00,4687.33,2026-05-07 04:00:00,4692.35,4763.52,-5.32,0,Signal Exit,630
Short,False,1.0,2026-05-07 20:00:00,4742.93,2026-05-08 08:00:00,4704.76,4804.27,38.14,24,Signal Exit,631
Short,False,1.0,2026-05-08 16:00:00,4708.29,2026-05-08 20:00:00,4717.82,4775.11,-9.83,0,Signal Exit,632
Short,False,1.0,2026-05-09 00:00:00,4707.31,2026-05-09 04:00:00,4724.18,4787.5,-17.17,0,Signal Exit,633
Short,False,1.0,2026-05-11 04:00:00,4698.59,2026-05-11 20:00:00,4674.59,4740.7,23.7,0,Signal Exit,634
Short,False,1.0,2026-05-12 12:00:00,4720.28,2026-05-12 20:00:00,4706.54,4810.66,13.44,0,Signal Exit,635
Short,False,1.0,2026-05-13 00:00:00,4666.33,2026-05-13 04:00:00,4715.46,4751.53,-49.43,0,Signal Exit,636
Short,False,1.0,2026-05-13 12:00:00,4696.16,2026-05-22 04:00:00,4543.2,4610.26,155.09,216,Signal Exit,637
Short,True,1.0,2026-05-15 04:00:00,4654.3,2026-05-22 04:00:00,4543.2,4610.26,112.69,168,Signal Exit,638
Short,False,1.0,2026-05-22 08:00:00,4535.58,2026-05-25 08:00:00,4567.4,4580.77,-31.31,72,Signal Exit,639
Short,True,2.0,2026-05-22 12:00:00,4529.56,2026-05-25 08:00:00,4567.4,4580.77,-74.66,72,Signal Exit,640
Short,False,1.0,2026-05-25 12:00:00,4559.54,2026-05-25 16:00:00,4564.67,4611.8,-5.43,0,Signal Exit,641
Short,False,1.0,2026-05-26 08:00:00,4559.88,2026-05-29 12:00:00,4501.15,4505.43,59.24,72,Signal Exit,642
Short,True,2.0,2026-05-28 04:00:00,4450.75,2026-05-29 12:00:00,4501.15,4505.43,-100.86,24,Signal Exit,643
Short,False,1.0,2026-05-30 04:00:00,4545.28,2026-06-01 20:00:00,4505.84,4583.21,39.68,48,Signal Exit,644
Short,False,1.0,2026-06-02 00:00:00,4474.23,2026-06-02 12:00:00,4499.16,4552.16,-25.23,0,Signal Exit,645
Short,True,1.0,2026-06-02 04:00:00,4481.26,2026-06-02 12:00:00,4499.16,4544.16,-18.2,0,Signal Exit,646
Short,False,1.0,2026-06-02 20:00:00,4527.65,2026-06-04 20:00:00,4511.58,4529.7,16.31,48,Signal Exit,647
Short,True,1.0,2026-06-03 00:00:00,4502.37,2026-06-04 20:00:00,4511.58,4529.7,-9.24,24,Signal Exit,648
Short,False,1.0,2026-06-05 00:00:00,4477.32,2026-06-12 04:00:00,4208.73,4182.26,270.18,168,Stop Loss Exit,649
Short,True,2.0,2026-06-08 08:00:00,4343.32,2026-06-12 04:00:00,4208.73,4182.26,270.74,96,Stop Loss Exit,650
Short,False,1.0,2026-06-12 08:00:00,4220.23,2026-06-15 04:00:00,4268.16,4306.36,-47.42,72,Signal Exit,651
Short,False,1.0,2026-06-15 16:00:00,4322.64,2026-06-15 20:00:00,4335.18,4386.27,-12.84,0,Signal Exit,652
Short,False,1.0,2026-06-16 04:00:00,4320.47,2026-06-16 12:00:00,4330.31,4399.78,-10.14,0,Signal Exit,653
Short,False,1.0,2026-06-17 00:00:00,4335.37,2026-06-17 12:00:00,4332.01,4391.66,3.06,0,Signal Exit,654
Short,False,1.0,2026-06-17 16:00:00,4325.17,2026-06-18 00:00:00,4363.6,4377.51,-38.46,24,Signal Exit,655
Short,False,1.0,2026-06-18 04:00:00,4235.04,2026-06-18 08:00:00,4278.19,4418.33,-43.45,0,Signal Exit,656
Short,False,1.0,2026-06-18 16:00:00,4288.53,2026-06-27 00:00:00,4091.02,4082.34,199.64,216,Stop Loss Exit,657
Short,True,2.0,2026-06-19 04:00:00,4217.05,2026-06-27 00:00:00,4091.02,4082.34,255.78,192,Stop Loss Exit,658
Short,False,1.0,2026-06-27 04:00:00,4071.84,2026-06-29 04:00:00,4079.21,4139.6,-7.13,48,Signal Exit,659
Short,False,1.0,2026-06-29 08:00:00,4062.85,2026-07-01 20:00:00,4030.59,4058.26,32.5,48,Signal Exit,660
Short,True,2.0,2026-06-30 04:00:00,4015.97,2026-07-01 20:00:00,4030.59,4058.26,-29.3,24,Signal Exit,661
Short,False,1.0,2026-07-02 04:00:00,4038.92,2026-07-02 12:00:00,4070.22,4160.55,-31.6,0,Signal Exit,662
Short,False,1.0,2026-07-02 16:00:00,4064.78,2026-07-02 20:00:00,4065.25,4124.61,-0.77,0,Signal Exit,663
Short,False,1.0,2026-07-03 04:00:00,4120.99,2026-07-03 08:00:00,4126.0,4186.94,-5.31,0,Signal Exit,664
Short,False,1.0,2026-07-04 00:00:00,4165.0,2026-07-06 04:00:00,4178.04,4229.73,-12.8,48,Signal Exit,665
Short,False,1.0,2026-07-06 12:00:00,4165.12,2026-07-07 04:00:00,4163.66,4236.29,1.43,24,Signal Exit,666
Short,False,1.0,2026-07-07 08:00:00,4157.32,2026-07-07 20:00:00,4157.06,4197.19,-0.04,0,Signal Exit,667
Short,False,1.0,2026-07-08 00:00:00,4139.24,2026-07-08 12:00:00,4123.57,4211.65,15.37,0,Signal Exit,668
Short,False,1.0,2026-07-08 16:00:00,4120.95,2026-07-13 04:00:00,4097.61,4154.8,24.39,120,Signal Exit,669
Short,False,1.0,2026-07-13 08:00:00,4085.05,2026-07-20 12:00:00,4024.22,4047.92,62.42,168,Signal Exit,670
Short,True,1.0,2026-07-14 04:00:00,4001.83,2026-07-20 12:00:00,4024.22,4047.92,-21.07,144,Signal Exit,671
Short,False,1.0,2026-07-20 16:00:00,4017.31,2026-07-20 20:00:00,4025.3,4059.82,-8.29,0,Signal Exit,672
Short,False,1.0,2026-07-21 00:00:00,4012.04,2026-07-21 12:00:00,4047.12,4072.82,-35.38,0,Signal Exit,673
Short,False,1.0,2026-07-21 20:00:00,4056.2,2026-07-22 00:00:00,4074.23,4112.4,-18.06,24,Signal Exit,674
Short,False,1.0,2026-07-22 08:00:00,4080.83,2026-07-22 12:00:00,4130.9,4112.77,-50.37,0,Stop Loss Exit,675
Short,False,1.0,2026-07-22 16:00:00,4111.45,2026-07-22 20:00:00,4122.77,4171.68,-11.62,0,Signal Exit,676
Short,False,1.0,2026-07-23 04:00:00,4131.65,2026-07-23 08:00:00,4133.4,4196.55,-2.05,0,Signal Exit,677
Short,False,1.0,2026-07-23 12:00:00,4124.85,2026-07-25 00:00:00,4077.56,4080.84,47.53,48,Signal Exit,678
Short,False,1.0,2026-07-25 04:00:00,4053.49,2026-07-27 08:00:00,4094.37,4112.12,-40.64,48,Signal Exit,679
Short,False,1.0,2026-07-27 12:00:00,4091.21,2026-07-27 20:00:00,4094.11,4143.57,-3.2,0,Signal Exit,680
Short,False,1.0,2026-07-28 00:00:00,4078.64,2026-07-28 04:00:00,4083.54,4129.94,-5.2,0,Signal Exit,681
Short,False,1.0,2026-07-28 08:00:00,4073.26,2026-07-30 08:00:00,4084.58,4070.82,-11.08,48,Stop Loss Exit,682
Short,True,1.0,2026-07-29 04:00:00,4026.38,2026-07-30 08:00:00,4084.58,4070.82,-58.23,24,Stop Loss Exit,683
